path,label,ts,best_confidence,dog_frame_count,total_frames_checked
C:\Users\jaysh\TapoVideos\Computer Camera\2026-02-22\2026-02-22 00-31-33.mp4,wee,2026-03-01T16:16:51.538862+00:00,0.88,35,76
C:\Users\jaysh\TapoVideos\Computer Camera\2026-02-22\2026-02-22 00-35-09.mp4,neither,2026-03-01T16:17:04.550230+00:00,0.812,35,92
C:\Users\jaysh\TapoVideos\Computer Camera\2026-02-22\2026-02-22 00-37-07.mp4,neither,2026-03-01T16:17:08.279288+00:00,0.917,53,120
C:\Users\jaysh\TapoVideos\Computer Camera\2026-02-22\2026-02-22 00-38-05.mp4,neither,2026-03-01T16:17:11.974272+00:00,0.899,7,44
C:\Users\jaysh\TapoVideos\Computer Camera\2026-02-22\2026-02-22 00-47-40.mp4,neither,2026-03-01T16:17:14.390287+00:00,0.744,7,36
C:\Users\jaysh\TapoVideos\Computer Camera\2026-02-22\2026-02-22 00-50-35.mp4,neither,2026-03-01T16:17:16.348603+00:00,0.705,11,72
C:\Users\jaysh\TapoVideos\Computer Camera\2026-02-22\2026-02-22 00-51-48.mp4,neither,2026-03-01T16:17:18.433602+00:00,0.786,6,36
C:\Users\jaysh\TapoVideos\Computer Camera\2026-02-22\2026-02-22 01-01-56.mp4,wee,2026-03-01T16:17:23.695647+00:00,0.945,43,100
C:\Users\jaysh\TapoVideos\Computer Camera\2026-02-22\2026-02-22 01-08-11.mp4,neither,2026-03-01T16:17:27.080328+00:00,0.92,26,56
C:\Users\jaysh\TapoVideos\Computer Camera\2026-02-22\2026-02-22 01-08-49.mp4,neither,2026-03-01T16:17:28.613627+00:00,0.899,102,156
C:\Users\jaysh\TapoVideos\Computer Camera\2026-02-22\2026-02-22 01-10-09.mp4,neither,2026-03-01T16:17:32.857971+00:00,0.886,50,108
C:\Users\jaysh\TapoVideos\Computer Camera\2026-02-22\2026-02-22 01-14-29.mp4,neither,2026-03-01T16:17:36.383117+00:00,0.949,34,92
C:\Users\jaysh\TapoVideos\Computer Camera\2026-02-22\2026-02-22 02-04-31.mp4,neither,2026-03-01T16:17:46.428555+00:00,0.871,38,60
C:\Users\jaysh\TapoVideos\Computer Camera\2026-02-22\2026-02-22 02-07-47.mp4,neither,2026-03-01T16:17:50.433510+00:00,0.871,50,72
C:\Users\jaysh\TapoVideos\Computer Camera\2026-02-22\2026-02-22 11-08-22.mp4,neither,2026-03-01T16:17:51.603880+00:00,0.781,1,28
C:\Users\jaysh\TapoVideos\Computer Camera\2026-02-22\2026-02-22 11-08-42.mp4,neither,2026-03-01T16:17:52.136073+00:00,0.567,2,32
C:\Users\jaysh\TapoVideos\Computer Camera\2026-02-22\2026-02-22 12-07-46.mp4,neither,2026-03-01T16:17:54.975268+00:00,0.912,32,72
C:\Users\jaysh\TapoVideos\Computer Camera\2026-02-22\2026-02-22 12-30-43.mp4,neither,2026-03-01T16:17:59.108026+00:00,0.859,19,104
C:\Users\jaysh\TapoVideos\Computer Camera\2026-02-22\2026-02-22 13-08-50.mp4,poo,2026-03-01T16:18:02.555983+00:00,0.718,9,36
C:\Users\jaysh\TapoVideos\Computer Camera\2026-02-22\2026-02-22 13-09-24.mp4,poo,2026-03-01T16:18:03.570184+00:00,0.848,9,72
C:\Users\jaysh\TapoVideos\Computer Camera\2026-02-22\2026-02-22 13-55-21.mp4,neither,2026-03-01T16:18:06.459150+00:00,0.861,6,52
C:\Users\jaysh\TapoVideos\Computer Camera\2026-02-22\2026-02-22 14-04-01.mp4,neither,2026-03-01T16:18:14.686912+00:00,0.898,51,68
C:\Users\jaysh\TapoVideos\Computer Camera\2026-02-22\2026-02-22 14-05-42.mp4,neither,2026-03-01T16:18:17.616142+00:00,0.857,4,32
C:\Users\jaysh\TapoVideos\Computer Camera\2026-02-22\2026-02-22 14-29-20.mp4,neither,2026-03-01T16:18:19.700108+00:00,0.873,49,132
C:\Users\jaysh\TapoVideos\Computer Camera\2026-02-22\2026-02-22 14-30-23.mp4,neither,2026-03-01T16:18:22.006043+00:00,0.871,66,148
C:\Users\jaysh\TapoVideos\Computer Camera\2026-02-22\2026-02-22 14-38-54.mp4,neither,2026-03-01T16:18:24.298892+00:00,0.885,15,40
C:\Users\jaysh\TapoVideos\Computer Camera\2026-02-22\2026-02-22 16-12-40.mp4,neither,2026-03-01T16:18:25.645598+00:00,0.701,27,42
C:\Users\jaysh\TapoVideos\Computer Camera\2026-02-22\2026-02-22 14-47-56.mp4,neither,2026-03-01T16:18:28.384530+00:00,0.838,31,64
C:\Users\jaysh\TapoVideos\Computer Camera\2026-02-22\2026-02-22 14-46-21.mp4,neither,2026-03-01T16:18:30.601401+00:00,0.845,22,72
C:\Users\jaysh\TapoVideos\Computer Camera\2026-02-22\2026-02-22 14-40-26.mp4,neither,2026-03-01T16:18:32.849200+00:00,0.902,64,80
C:\Users\jaysh\TapoVideos\Computer Camera\2026-02-22\2026-02-22 16-26-19.mp4,wee,2026-03-01T16:18:34.877240+00:00,0.869,27,56
C:\Users\jaysh\TapoVideos\Computer Camera\2026-02-22\2026-02-22 16-54-17.mp4,neither,2026-03-01T16:18:41.498667+00:00,0.691,23,36
C:\Users\jaysh\TapoVideos\Computer Camera\2026-02-22\2026-02-22 14-34-34.mp4,neither,2026-03-01T16:18:46.717320+00:00,0.878,47,96
C:\Users\jaysh\TapoVideos\Computer Camera\2026-02-22\2026-02-22 16-54-56.mp4,neither,2026-03-01T16:18:53.215229+00:00,0.803,19,40
C:\Users\jaysh\TapoVideos\Computer Camera\2026-02-22\2026-02-22 16-46-29.mp4,neither,2026-03-01T16:18:55.440292+00:00,0.744,31,76
C:\Users\jaysh\TapoVideos\Computer Camera\2026-02-22\2026-02-22 16-54-36.mp4,neither,2026-03-01T16:18:57.247001+00:00,0.922,40,46
C:\Users\jaysh\TapoVideos\Computer Camera\2026-02-22\2026-02-22 17-06-53.mp4,neither,2026-03-01T16:18:59.814065+00:00,0.838,41,48
C:\Users\jaysh\TapoVideos\Computer Camera\2026-02-22\2026-02-22 16-12-58.mp4,neither,2026-03-01T16:19:01.679443+00:00,0.864,83,140
C:\Users\jaysh\TapoVideos\Computer Camera\2026-02-22\2026-02-22 17-07-17.mp4,neither,2026-03-01T16:19:04.054220+00:00,0.804,59,68
C:\Users\jaysh\TapoVideos\Computer Camera\2026-02-22\2026-02-22 17-38-57.mp4,neither,2026-03-01T16:19:06.608116+00:00,0.847,8,43
C:\Users\jaysh\TapoVideos\Computer Camera\2026-02-22\2026-02-22 17-42-59.mp4,neither,2026-03-01T16:19:08.383908+00:00,0.753,6,36
C:\Users\jaysh\TapoVideos\Computer Camera\2026-02-22\2026-02-22 17-44-30.mp4,neither,2026-03-01T16:19:11.105354+00:00,0.728,5,36
C:\Users\jaysh\TapoVideos\Computer Camera\2026-02-22\2026-02-22 17-53-22.mp4,neither,2026-03-01T16:19:12.260543+00:00,0.666,4,36
C:\Users\jaysh\TapoVideos\Computer Camera\2026-02-22\2026-02-22 17-52-08.mp4,neither,2026-03-01T16:19:13.436571+00:00,0.717,6,40
C:\Users\jaysh\TapoVideos\Computer Camera\2026-02-22\2026-02-22 17-05-48.mp4,neither,2026-03-01T16:19:19.538508+00:00,0.879,128,140
C:\Users\jaysh\TapoVideos\Computer Camera\2026-02-22\2026-02-22 17-05-48.mp4,neither,2026-03-01T16:19:53.026361+00:00,0.879,128,140
C:\Users\jaysh\TapoVideos\Computer Camera\2026-02-22\2026-02-22 18-21-24.mp4,neither,2026-03-01T16:19:58.644691+00:00,0.815,8,40
C:\Users\jaysh\TapoVideos\Computer Camera\2026-02-22\2026-02-22 18-08-03.mp4,wee,2026-03-01T16:20:03.476782+00:00,0.831,23,60
C:\Users\jaysh\TapoVideos\Computer Camera\2026-02-22\2026-02-22 17-21-52.mp4,neither,2026-03-01T16:25:50.696182+00:00,0.87,28,102
C:\Users\jaysh\TapoVideos\Computer Camera\2026-02-22\2026-02-22 17-07-49.mp4,neither,2026-03-01T16:26:02.138491+00:00,0.901,99,152
C:\Users\jaysh\TapoVideos\Computer Camera\2026-02-22\2026-02-22 16-22-21.mp4,neither,2026-03-01T16:26:14.344490+00:00,0.855,26,220
C:\Users\jaysh\TapoVideos\Computer Camera\2026-02-22\2026-02-22 18-45-17.mp4,neither,2026-03-01T16:26:18.218698+00:00,0.829,22,64
C:\Users\jaysh\TapoVideos\Computer Camera\2026-02-22\2026-02-22 21-56-33.mp4,wee,2026-03-01T16:26:21.441695+00:00,0.879,30,64
C:\Users\jaysh\TapoVideos\Computer Camera\2026-02-22\2026-02-22 14-31-33.mp4,neither,2026-03-01T16:27:26.231397+00:00,0.919,143,264
C:\Users\jaysh\TapoVideos\Computer Camera\2026-02-22\2026-02-22 22-44-57.mp4,neither,2026-03-01T16:35:18.162730+00:00,0.867,8,36
C:\Users\jaysh\TapoVideos\Computer Camera\2026-02-22\2026-02-22 18-56-31.mp4,neither,2026-03-01T16:35:21.067859+00:00,0.88,41,68
C:\Users\jaysh\TapoVideos\Computer Camera\2026-02-22\2026-02-22 16-10-30.mp4,neither,2026-03-01T16:35:23.301513+00:00,0.906,73,272
C:\Users\jaysh\TapoVideos\Computer Camera\2026-02-22\2026-02-22 22-29-14.mp4,neither,2026-03-01T16:35:28.793589+00:00,0.891,24,60
C:\Users\jaysh\TapoVideos\Computer Camera\2026-02-22\2026-02-22 22-33-16.mp4,neither,2026-03-01T16:35:31.736942+00:00,0.82,17,60
C:\Users\jaysh\TapoVideos\Computer Camera\2026-02-22\2026-02-22 22-22-37.mp4,neither,2026-03-01T16:35:36.938554+00:00,0.864,44,84
C:\Users\jaysh\TapoVideos\Computer Camera\2026-02-22\2026-02-22 22-36-07.mp4,neither,2026-03-01T16:35:39.603253+00:00,0.908,40,76
C:\Users\jaysh\TapoVideos\Computer Camera\2026-02-22\2026-02-22 22-56-45.mp4,neither,2026-03-01T16:35:43.998068+00:00,0.86,10,44
C:\Users\jaysh\TapoVideos\Computer Camera\2026-02-22\2026-02-22 23-06-25.mp4,neither,2026-03-01T16:35:46.602337+00:00,0.863,8,44
C:\Users\jaysh\TapoVideos\Computer Camera\2026-02-22\2026-02-22 22-58-17.mp4,neither,2026-03-01T16:35:49.320636+00:00,0.864,18,48
C:\Users\jaysh\TapoVideos\Computer Camera\2026-02-22\2026-02-22 18-57-05.mp4,neither,2026-03-01T16:35:59.274171+00:00,0.774,20,128
C:\Users\jaysh\TapoVideos\Computer Camera\2026-02-22\2026-02-22 23-09-56.mp4,neither,2026-03-01T16:36:02.424049+00:00,0.626,4,36
C:\Users\jaysh\TapoVideos\Computer Camera\2026-02-22\2026-02-22 23-04-14.mp4,neither,2026-03-01T16:36:04.994492+00:00,0.863,15,60
C:\Users\jaysh\TapoVideos\Computer Camera\2026-02-22\2026-02-22 22-33-47.mp4,neither,2026-03-01T16:36:10.364120+00:00,0.89,91,136
C:\Users\jaysh\TapoVideos\Computer Camera\2026-02-22\2026-02-22 23-01-11.mp4,neither,2026-03-01T16:36:16.047485+00:00,0.808,8,72
C:\Users\jaysh\TapoVideos\Computer Camera\2026-02-22\2026-02-22 23-11-49.mp4,neither,2026-03-01T16:36:19.313424+00:00,0.844,18,52
C:\Users\jaysh\TapoVideos\Computer Camera\2026-02-22\2026-02-22 22-45-18.mp4,neither,2026-03-01T16:36:23.991986+00:00,0.923,46,111
C:\Users\jaysh\TapoVideos\Computer Camera\2026-02-22\2026-02-22 23-16-17.mp4,neither,2026-03-01T16:36:28.043959+00:00,0.84,20,36
C:\Users\jaysh\TapoVideos\Computer Camera\2026-02-22\2026-02-22 23-16-48.mp4,neither,2026-03-01T16:36:32.992036+00:00,0.509,17,40
C:\Users\jaysh\TapoVideos\Computer Camera\2026-02-22\2026-02-22 23-17-46.mp4,neither,2026-03-01T16:36:35.796002+00:00,0.562,9,36
C:\Users\jaysh\TapoVideos\Computer Camera\2026-02-22\2026-02-22 22-46-26.mp4,neither,2026-03-01T16:36:39.210906+00:00,0.925,79,103
C:\Users\jaysh\TapoVideos\Computer Camera\2026-02-22\2026-02-22 23-17-22.mp4,neither,2026-03-01T16:36:42.501352+00:00,0.573,18,56
C:\Users\jaysh\TapoVideos\Computer Camera\2026-02-23\2026-02-23 14-03-14.mp4,poo,2026-03-01T16:36:44.931096+00:00,0.888,12,40
C:\Users\jaysh\TapoVideos\Computer Camera\2026-02-23\2026-02-23 14-48-30.mp4,neither,2026-03-01T16:36:49.337930+00:00,0.741,9,36
C:\Users\jaysh\TapoVideos\Computer Camera\2026-02-23\2026-02-23 14-49-27.mp4,neither,2026-03-01T16:36:52.458550+00:00,0.842,32,32
C:\Users\jaysh\TapoVideos\Computer Camera\2026-02-23\2026-02-23 14-02-45.mp4,poo,2026-03-01T16:36:55.022260+00:00,0.895,40,52
C:\Users\jaysh\TapoVideos\Computer Camera\2026-02-22\2026-02-22 23-15-27.mp4,neither,2026-03-01T16:37:00.172055+00:00,0.856,31,84
C:\Users\jaysh\TapoVideos\Computer Camera\2026-02-23\2026-02-23 14-48-55.mp4,neither,2026-03-01T16:37:03.337988+00:00,0.886,41,52
C:\Users\jaysh\TapoVideos\Computer Camera\2026-02-23\2026-02-23 14-51-40.mp4,wee,2026-03-01T16:37:13.774392+00:00,0.832,22,56
C:\Users\jaysh\TapoVideos\Computer Camera\2026-02-23\2026-02-23 17-17-40.mp4,neither,2026-03-01T16:37:19.314755+00:00,0.79,12,32
C:\Users\jaysh\TapoVideos\Computer Camera\2026-02-23\2026-02-23 14-56-05.mp4,neither,2026-03-01T16:37:21.991990+00:00,0.807,8,36
C:\Users\jaysh\TapoVideos\Computer Camera\2026-02-23\2026-02-23 14-50-03.mp4,neither,2026-03-01T16:37:23.821189+00:00,0.796,51,64
C:\Users\jaysh\TapoVideos\Computer Camera\2026-02-23\2026-02-23 16-53-33.mp4,neither,2026-03-01T16:37:26.713186+00:00,0.715,5,52
C:\Users\jaysh\TapoVideos\Computer Camera\2026-02-22\2026-02-22 23-18-33.mp4,wee,2026-03-01T16:37:32.884763+00:00,0.895,53,104
C:\Users\jaysh\TapoVideos\Computer Camera\2026-02-23\2026-02-23 17-29-08.mp4,neither,2026-03-01T16:37:36.257875+00:00,0.828,14,44
C:\Users\jaysh\TapoVideos\Computer Camera\2026-02-23\2026-02-23 17-30-08.mp4,neither,2026-03-01T16:37:39.781842+00:00,0.891,22,52
C:\Users\jaysh\TapoVideos\Computer Camera\2026-02-23\2026-02-23 17-47-22.mp4,neither,2026-03-01T16:37:42.113587+00:00,0.873,6,40
C:\Users\jaysh\TapoVideos\Computer Camera\2026-02-23\2026-02-23 14-50-33.mp4,neither,2026-03-01T16:37:46.463778+00:00,0.703,36,100
C:\Users\jaysh\TapoVideos\Computer Camera\2026-02-23\2026-02-23 18-26-18.mp4,neither,2026-03-01T16:37:50.077680+00:00,0.761,6,48
C:\Users\jaysh\TapoVideos\Computer Camera\2026-02-23\2026-02-23 20-30-42.mp4,neither,2026-03-01T16:37:52.187082+00:00,0.892,36,48
C:\Users\jaysh\TapoVideos\Computer Camera\2026-02-23\2026-02-23 20-34-22.mp4,neither,2026-03-01T16:37:54.436750+00:00,0.818,7,32
C:\Users\jaysh\TapoVideos\Computer Camera\2026-02-23\2026-02-23 20-31-03.mp4,neither,2026-03-01T16:37:57.254509+00:00,0.892,8,50
C:\Users\jaysh\TapoVideos\Computer Camera\2026-02-23\2026-02-23 20-34-37.mp4,neither,2026-03-01T16:37:59.766515+00:00,0.782,5,32
C:\Users\jaysh\TapoVideos\Computer Camera\2026-02-23\2026-02-23 20-35-51.mp4,neither,2026-03-01T16:38:02.327351+00:00,0.898,23,49
C:\Users\jaysh\TapoVideos\Computer Camera\2026-02-23\2026-02-23 20-33-42.mp4,neither,2026-03-01T16:38:05.512126+00:00,0.825,47,64
C:\Users\jaysh\TapoVideos\Computer Camera\2026-02-23\2026-02-23 20-37-13.mp4,neither,2026-03-01T16:38:07.676142+00:00,0.762,28,32
C:\Users\jaysh\TapoVideos\Computer Camera\2026-02-23\2026-02-23 20-38-32.mp4,neither,2026-03-01T16:38:09.956127+00:00,0.568,16,32
C:\Users\jaysh\TapoVideos\Computer Camera\2026-02-23\2026-02-23 20-39-06.mp4,neither,2026-03-01T16:38:13.148818+00:00,0.55,17,36
C:\Users\jaysh\TapoVideos\Computer Camera\2026-02-23\2026-02-23 20-37-37.mp4,neither,2026-03-01T16:38:26.044756+00:00,0.637,22,40
C:\Users\jaysh\TapoVideos\Computer Camera\2026-02-23\2026-02-23 20-35-11.mp4,neither,2026-03-01T16:38:30.359833+00:00,0.893,55,80
C:\Users\jaysh\TapoVideos\Computer Camera\2026-02-23\2026-02-23 20-36-11.mp4,neither,2026-03-01T16:38:33.007948+00:00,0.747,40,72
C:\Users\jaysh\TapoVideos\Computer Camera\2026-02-23\2026-02-23 20-36-43.mp4,neither,2026-03-01T16:38:33.664091+00:00,0.884,59,68
C:\Users\jaysh\TapoVideos\Computer Camera\2026-02-23\2026-02-23 20-40-55.mp4,neither,2026-03-01T16:38:34.913254+00:00,0.855,12,44
C:\Users\jaysh\TapoVideos\Computer Camera\2026-02-24\2026-02-24 00-24-35.mp4,neither,2026-03-01T16:38:36.880782+00:00,0.875,34,48
C:\Users\jaysh\TapoVideos\Computer Camera\2026-02-23\2026-02-23 20-39-20.mp4,neither,2026-03-01T16:38:39.276540+00:00,0.855,26,64
C:\Users\jaysh\TapoVideos\Computer Camera\2026-02-24\2026-02-24 00-25-52.mp4,neither,2026-03-01T16:38:41.383956+00:00,0.761,34,36
C:\Users\jaysh\TapoVideos\Computer Camera\2026-02-24\2026-02-24 00-25-13.mp4,neither,2026-03-01T16:38:43.829705+00:00,0.66,24,40
C:\Users\jaysh\TapoVideos\Computer Camera\2026-02-23\2026-02-23 20-32-22.mp4,neither,2026-03-01T16:38:46.384050+00:00,0.89,50,164
C:\Users\jaysh\TapoVideos\Computer Camera\2026-02-24\2026-02-24 00-26-15.mp4,neither,2026-03-01T16:38:48.339996+00:00,0.725,31,32
C:\Users\jaysh\TapoVideos\Computer Camera\2026-02-23\2026-02-23 22-01-12.mp4,wee,2026-03-01T16:38:53.806027+00:00,0.903,32,80
C:\Users\jaysh\TapoVideos\Computer Camera\2026-02-24\2026-02-24 00-26-27.mp4,neither,2026-03-01T16:39:00.596307+00:00,0.76,31,32
C:\Users\jaysh\TapoVideos\Computer Camera\2026-02-23\2026-02-23 14-52-07.mp4,wee,2026-03-01T16:39:05.573284+00:00,0.941,48,244
C:\Users\jaysh\TapoVideos\Computer Camera\2026-02-24\2026-02-24 00-40-17.mp4,neither,2026-03-01T16:39:26.222395+00:00,0.852,9,44
C:\Users\jaysh\TapoVideos\Computer Camera\2026-02-24\2026-02-24 00-26-42.mp4,neither,2026-03-01T16:39:33.987398+00:00,0.862,19,52
C:\Users\jaysh\TapoVideos\Computer Camera\2026-02-24\2026-02-24 00-40-52.mp4,neither,2026-03-01T16:39:37.183193+00:00,0.739,9,48
C:\Users\jaysh\TapoVideos\Computer Camera\2026-02-24\2026-02-24 00-23-48.mp4,neither,2026-03-01T16:39:42.088471+00:00,0.88,55,100
C:\Users\jaysh\TapoVideos\Computer Camera\2026-02-24\2026-02-24 01-07-41.mp4,neither,2026-03-01T16:39:43.816036+00:00,0.89,12,48
C:\Users\jaysh\TapoVideos\Computer Camera\2026-02-24\2026-02-24 01-08-17.mp4,neither,2026-03-01T16:39:46.222759+00:00,0.827,10,44
C:\Users\jaysh\TapoVideos\Computer Camera\2026-02-24\2026-02-24 00-20-45.mp4,wee,2026-03-01T16:39:49.725974+00:00,0.914,49,136
C:\Users\jaysh\TapoVideos\Computer Camera\2026-02-24\2026-02-24 00-41-15.mp4,neither,2026-03-01T16:39:56.403244+00:00,0.854,16,112
C:\Users\jaysh\TapoVideos\Computer Camera\2026-02-24\2026-02-24 01-24-07.mp4,neither,2026-03-01T16:39:58.448673+00:00,0.807,5,36
C:\Users\jaysh\TapoVideos\Computer Camera\2026-02-24\2026-02-24 01-14-43.mp4,neither,2026-03-01T16:40:02.585539+00:00,0.895,52,80
C:\Users\jaysh\TapoVideos\Computer Camera\2026-02-24\2026-02-24 01-15-20.mp4,neither,2026-03-01T16:40:05.616197+00:00,0.725,7,48
C:\Users\jaysh\TapoVideos\Computer Camera\2026-02-24\2026-02-24 10-16-07.mp4,wee,2026-03-01T16:40:11.080861+00:00,0.895,30,56
C:\Users\jaysh\TapoVideos\Computer Camera\2026-02-24\2026-02-24 16-25-14.mp4,neither,2026-03-01T16:40:20.199563+00:00,0.776,11,40
C:\Users\jaysh\TapoVideos\Computer Camera\2026-02-24\2026-02-24 14-19-13.mp4,wee,2026-03-01T16:40:22.000411+00:00,0.903,44,80
C:\Users\jaysh\TapoVideos\Computer Camera\2026-02-24\2026-02-24 00-47-40.mp4,neither,2026-03-01T16:40:29.498480+00:00,0.925,26,132
C:\Users\jaysh\TapoVideos\Computer Camera\2026-02-24\2026-02-24 16-53-40.mp4,neither,2026-03-01T17:01:04.290399+00:00,0.886,31,32
C:\Users\jaysh\TapoVideos\Computer Camera\2026-02-24\2026-02-24 10-12-51.mp4,neither,2026-03-01T17:01:07.538790+00:00,0.911,47,100
C:\Users\jaysh\TapoVideos\Computer Camera\2026-02-24\2026-02-24 15-51-21.mp4,neither,2026-03-01T17:01:11.467518+00:00,0.902,36,84
C:\Users\jaysh\TapoVideos\Computer Camera\2026-02-24\2026-02-24 16-24-32.mp4,neither,2026-03-01T17:01:14.539863+00:00,0.857,18,60
C:\Users\jaysh\TapoVideos\Computer Camera\2026-02-24\2026-02-24 16-53-56.mp4,neither,2026-03-01T17:01:16.563877+00:00,0.906,30,60
C:\Users\jaysh\TapoVideos\Computer Camera\2026-02-24\2026-02-24 17-02-05.mp4,neither,2026-03-01T17:01:20.395849+00:00,0.92,41,76
C:\Users\jaysh\TapoVideos\Computer Camera\2026-02-24\2026-02-24 19-18-51.mp4,neither,2026-03-01T17:01:23.323775+00:00,0.712,5,36
C:\Users\jaysh\TapoVideos\Computer Camera\2026-02-24\2026-02-24 19-21-02.mp4,neither,2026-03-01T17:01:25.171022+00:00,0.819,12,40
C:\Users\jaysh\TapoVideos\Computer Camera\2026-02-24\2026-02-24 15-53-16.mp4,neither,2026-03-01T17:01:30.280736+00:00,0.921,35,104
C:\Users\jaysh\TapoVideos\Computer Camera\2026-02-24\2026-02-24 19-31-53.mp4,neither,2026-03-01T17:01:32.633511+00:00,0.862,31,36
C:\Users\jaysh\TapoVideos\Computer Camera\2026-02-24\2026-02-24 19-31-33.mp4,neither,2026-03-01T17:01:34.356738+00:00,0.904,41,44
C:\Users\jaysh\TapoVideos\Computer Camera\2026-02-24\2026-02-24 19-32-25.mp4,neither,2026-03-01T17:01:35.883889+00:00,0.842,32,32
C:\Users\jaysh\TapoVideos\Computer Camera\2026-02-24\2026-02-24 20-09-03.mp4,neither,2026-03-01T17:01:37.578997+00:00,0.86,5,40
C:\Users\jaysh\TapoVideos\Computer Camera\2026-02-24\2026-02-24 20-14-12.mp4,neither,2026-03-01T17:01:39.602641+00:00,0.824,4,36
C:\Users\jaysh\TapoVideos\Computer Camera\2026-02-24\2026-02-24 20-10-03.mp4,neither,2026-03-01T17:01:41.718426+00:00,0.895,10,60
C:\Users\jaysh\TapoVideos\Computer Camera\2026-02-24\2026-02-24 17-54-31.mp4,neither,2026-03-01T17:01:44.937663+00:00,0.83,27,116
C:\Users\jaysh\TapoVideos\Computer Camera\2026-02-24\2026-02-24 20-15-32.mp4,neither,2026-03-01T17:01:47.296129+00:00,0.883,3,36
C:\Users\jaysh\TapoVideos\Computer Camera\2026-02-24\2026-02-24 20-13-28.mp4,neither,2026-03-01T17:01:49.091926+00:00,0.851,19,68
C:\Users\jaysh\TapoVideos\Computer Camera\2026-02-24\2026-02-24 19-30-40.mp4,neither,2026-03-01T17:01:52.096792+00:00,0.906,71,116
C:\Users\jaysh\TapoVideos\Computer Camera\2026-02-24\2026-02-24 20-14-46.mp4,neither,2026-03-01T17:01:55.025928+00:00,0.859,4,40
C:\Users\jaysh\TapoVideos\Computer Camera\2026-02-24\2026-02-24 20-11-12.mp4,neither,2026-03-01T17:01:57.512511+00:00,0.845,15,67
C:\Users\jaysh\TapoVideos\Computer Camera\2026-02-24\2026-02-24 14-38-11.mp4,neither,2026-03-01T17:02:00.221932+00:00,0.866,40,196
C:\Users\jaysh\TapoVideos\Computer Camera\2026-02-24\2026-02-24 23-03-56.mp4,wee,2026-03-01T17:02:05.325635+00:00,0.877,19,52
C:\Users\jaysh\TapoVideos\Computer Camera\2026-02-24\2026-02-24 23-20-05.mp4,neither,2026-03-01T17:02:10.672717+00:00,0.858,12,36
C:\Users\jaysh\TapoVideos\Computer Camera\2026-02-24\2026-02-24 19-33-33.mp4,wee,2026-03-01T17:02:16.876422+00:00,0.856,57,92
C:\Users\jaysh\TapoVideos\Computer Camera\2026-02-24\2026-02-24 23-19-49.mp4,neither,2026-03-01T17:02:22.343909+00:00,0.862,28,39
C:\Users\jaysh\TapoVideos\Computer Camera\2026-02-24\2026-02-24 23-20-46.mp4,neither,2026-03-01T17:02:24.577838+00:00,0.851,13,40
C:\Users\jaysh\TapoVideos\Computer Camera\2026-02-24\2026-02-24 23-07-30.mp4,neither,2026-03-01T17:02:27.016902+00:00,0.89,18,60
C:\Users\jaysh\TapoVideos\Computer Camera\2026-02-24\2026-02-24 23-24-04.mp4,neither,2026-03-01T17:02:30.733693+00:00,0.876,44,56
C:\Users\jaysh\TapoVideos\Computer Camera\2026-02-24\2026-02-24 23-09-11.mp4,neither,2026-03-01T17:02:34.625121+00:00,0.864,29,72
C:\Users\jaysh\TapoVideos\Computer Camera\2026-02-24\2026-02-24 23-24-49.mp4,neither,2026-03-01T17:02:37.977203+00:00,0.883,8,40
C:\Users\jaysh\TapoVideos\Computer Camera\2026-02-24\2026-02-24 17-57-00.mp4,neither,2026-03-01T17:02:41.018435+00:00,0.922,144,178
C:\Users\jaysh\TapoVideos\Computer Camera\2026-02-25\2026-02-25 00-02-43.mp4,neither,2026-03-01T17:02:42.929218+00:00,0.852,11,44
C:\Users\jaysh\TapoVideos\Computer Camera\2026-02-25\2026-02-25 00-20-46.mp4,neither,2026-03-01T17:02:46.683665+00:00,0.639,21,32
C:\Users\jaysh\TapoVideos\Computer Camera\2026-02-25\2026-02-25 00-00-32.mp4,wee,2026-03-01T17:02:49.709466+00:00,0.889,32,64
C:\Users\jaysh\TapoVideos\Computer Camera\2026-02-24\2026-02-24 20-45-31.mp4,neither,2026-03-01T17:02:52.027028+00:00,0.905,51,128
C:\Users\jaysh\TapoVideos\Computer Camera\2026-02-25\2026-02-25 00-26-00.mp4,neither,2026-03-01T17:02:56.807050+00:00,0.903,25,40
C:\Users\jaysh\TapoVideos\Computer Camera\2026-02-25\2026-02-25 00-11-54.mp4,neither,2026-03-01T17:03:00.598024+00:00,0.877,47,76
C:\Users\jaysh\TapoVideos\Computer Camera\2026-02-24\2026-02-24 23-08-01.mp4,neither,2026-03-01T17:03:05.982344+00:00,0.896,58,132
C:\Users\jaysh\TapoVideos\Computer Camera\2026-02-25\2026-02-25 00-30-03.mp4,poo,2026-03-01T17:03:11.340070+00:00,0.835,14,40
C:\Users\jaysh\TapoVideos\Computer Camera\2026-02-25\2026-02-25 00-26-24.mp4,neither,2026-03-01T17:03:15.948165+00:00,0.817,15,44
C:\Users\jaysh\TapoVideos\Computer Camera\2026-02-25\2026-02-25 00-22-14.mp4,poo,2026-03-01T17:03:17.741514+00:00,0.826,22,56
C:\Users\jaysh\TapoVideos\Computer Camera\2026-02-25\2026-02-25 00-29-38.mp4,poo,2026-03-01T17:03:25.622087+00:00,0.752,20,36
C:\Users\jaysh\TapoVideos\Computer Camera\2026-02-25\2026-02-25 00-18-56.mp4,neither,2026-03-01T17:03:44.361507+00:00,0.859,38,92
C:\Users\jaysh\TapoVideos\Computer Camera\2026-02-25\2026-02-25 00-21-42.mp4,neither,2026-03-01T17:03:46.428144+00:00,0.939,46,68
C:\Users\jaysh\TapoVideos\Computer Camera\2026-02-25\2026-02-25 10-22-00.mp4,neither,2026-03-01T17:03:49.793813+00:00,0.93,18,48
C:\Users\jaysh\TapoVideos\Computer Camera\2026-02-25\2026-02-25 12-56-52.mp4,neither,2026-03-01T17:03:51.343062+00:00,0.833,15,31
C:\Users\jaysh\TapoVideos\Computer Camera\2026-02-25\2026-02-25 10-50-50.mp4,neither,2026-03-01T17:03:53.500831+00:00,0.93,24,56
C:\Users\jaysh\TapoVideos\Computer Camera\2026-02-25\2026-02-25 12-57-04.mp4,neither,2026-03-01T17:03:55.753160+00:00,0.874,10,36
C:\Users\jaysh\TapoVideos\Computer Camera\2026-02-25\2026-02-25 12-56-22.mp4,neither,2026-03-01T17:03:58.881127+00:00,0.792,4,36
C:\Users\jaysh\TapoVideos\Computer Camera\2026-02-25\2026-02-25 12-57-18.mp4,neither,2026-03-01T17:04:01.522242+00:00,0.909,18,52
C:\Users\jaysh\TapoVideos\Computer Camera\2026-02-25\2026-02-25 12-53-49.mp4,neither,2026-03-01T17:04:05.364052+00:00,0.938,30,64
C:\Users\jaysh\TapoVideos\Computer Camera\2026-02-25\2026-02-25 13-01-52.mp4,neither,2026-03-01T17:04:07.168927+00:00,0.805,8,36
C:\Users\jaysh\TapoVideos\Computer Camera\2026-02-25\2026-02-25 13-03-58.mp4,neither,2026-03-01T17:04:09.071075+00:00,0.683,15,32
C:\Users\jaysh\TapoVideos\Computer Camera\2026-02-25\2026-02-25 13-01-20.mp4,neither,2026-03-01T17:04:12.717282+00:00,0.912,22,64
C:\Users\jaysh\TapoVideos\Computer Camera\2026-02-25\2026-02-25 12-54-33.mp4,neither,2026-03-01T17:04:14.876686+00:00,0.909,15,84
C:\Users\jaysh\TapoVideos\Computer Camera\2026-02-25\2026-02-25 13-04-16.mp4,neither,2026-03-01T17:04:16.716247+00:00,0.935,16,44
C:\Users\jaysh\TapoVideos\Computer Camera\2026-02-25\2026-02-25 12-57-48.mp4,neither,2026-03-01T17:04:20.031940+00:00,0.915,57,88
C:\Users\jaysh\TapoVideos\Computer Camera\2026-02-25\2026-02-25 13-23-21.mp4,neither,2026-03-01T17:04:23.485083+00:00,0.922,46,56
C:\Users\jaysh\TapoVideos\Computer Camera\2026-02-25\2026-02-25 15-51-07.mp4,neither,2026-03-01T17:04:25.907001+00:00,0.905,36,36
C:\Users\jaysh\TapoVideos\Computer Camera\2026-02-25\2026-02-25 15-50-44.mp4,neither,2026-03-01T17:04:29.355825+00:00,0.876,37,48
C:\Users\jaysh\TapoVideos\Computer Camera\2026-02-25\2026-02-25 15-51-33.mp4,neither,2026-03-01T17:04:33.983359+00:00,0.837,40,40
C:\Users\jaysh\TapoVideos\Computer Camera\2026-02-25\2026-02-25 15-55-45.mp4,neither,2026-03-01T17:04:39.378526+00:00,0.87,21,48
C:\Users\jaysh\TapoVideos\Computer Camera\2026-02-25\2026-02-25 15-57-37.mp4,neither,2026-03-01T17:04:42.108036+00:00,0.874,14,36
C:\Users\jaysh\TapoVideos\Computer Camera\2026-02-25\2026-02-25 15-59-46.mp4,neither,2026-03-01T17:04:44.746900+00:00,0.836,8,40
C:\Users\jaysh\TapoVideos\Computer Camera\2026-02-25\2026-02-25 15-53-50.mp4,neither,2026-03-01T17:04:47.902212+00:00,0.838,21,84
C:\Users\jaysh\TapoVideos\Computer Camera\2026-02-25\2026-02-25 13-02-58.mp4,neither,2026-03-01T17:04:50.763086+00:00,0.947,115,124
C:\Users\jaysh\TapoVideos\Computer Camera\2026-02-25\2026-02-25 16-06-10.mp4,neither,2026-03-01T17:04:54.319457+00:00,0.803,32,32
C:\Users\jaysh\TapoVideos\Computer Camera\2026-02-25\2026-02-25 12-52-16.mp4,neither,2026-03-01T17:04:57.498498+00:00,0.873,82,180
C:\Users\jaysh\TapoVideos\Computer Camera\2026-02-25\2026-02-25 16-02-09.mp4,neither,2026-03-01T17:04:59.845357+00:00,0.922,29,84
C:\Users\jaysh\TapoVideos\Computer Camera\2026-02-25\2026-02-25 16-05-37.mp4,neither,2026-03-01T17:05:03.871905+00:00,0.858,65,74
C:\Users\jaysh\TapoVideos\Computer Camera\2026-02-25\2026-02-25 16-23-32.mp4,neither,2026-03-01T17:05:05.619443+00:00,0.818,12,36
C:\Users\jaysh\TapoVideos\Computer Camera\2026-02-25\2026-02-25 15-51-55.mp4,neither,2026-03-01T17:05:07.495644+00:00,0.836,68,160
C:\Users\jaysh\TapoVideos\Computer Camera\2026-02-25\2026-02-25 15-54-33.mp4,neither,2026-03-01T17:05:10.368598+00:00,0.911,137,140
C:\Users\jaysh\TapoVideos\Computer Camera\2026-02-25\2026-02-25 16-08-19.mp4,neither,2026-03-01T17:05:15.993304+00:00,0.908,68,107
C:\Users\jaysh\TapoVideos\Computer Camera\2026-02-25\2026-02-25 16-09-07.mp4,neither,2026-03-01T17:05:18.988226+00:00,0.888,64,92
C:\Users\jaysh\TapoVideos\Computer Camera\2026-02-25\2026-02-25 16-06-25.mp4,neither,2026-03-01T17:05:22.342620+00:00,0.9,101,144
C:\Users\jaysh\TapoVideos\Computer Camera\2026-02-25\2026-02-25 17-27-37.mp4,neither,2026-03-01T17:05:24.858483+00:00,0.825,13,51
C:\Users\jaysh\TapoVideos\Computer Camera\2026-02-25\2026-02-25 16-25-55.mp4,neither,2026-03-01T17:05:27.895904+00:00,0.865,54,140
C:\Users\jaysh\TapoVideos\Computer Camera\2026-02-25\2026-02-25 17-30-05.mp4,neither,2026-03-01T17:05:31.570643+00:00,0.921,26,44
C:\Users\jaysh\TapoVideos\Computer Camera\2026-02-25\2026-02-25 17-21-52.mp4,neither,2026-03-01T17:05:34.316926+00:00,0.907,74,124
C:\Users\jaysh\TapoVideos\Computer Camera\2026-02-25\2026-02-25 17-29-23.mp4,neither,2026-03-01T17:05:37.373505+00:00,0.919,80,80
C:\Users\jaysh\TapoVideos\Computer Camera\2026-02-25\2026-02-25 16-03-22.mp4,neither,2026-03-01T17:05:39.912993+00:00,0.912,144,272
C:\Users\jaysh\TapoVideos\Computer Camera\2026-02-25\2026-02-25 18-41-24.mp4,neither,2026-03-01T17:05:43.081922+00:00,0.871,20,52
C:\Users\jaysh\TapoVideos\Computer Camera\2026-02-25\2026-02-25 16-28-50.mp4,neither,2026-03-01T17:05:48.823235+00:00,0.815,48,212
C:\Users\jaysh\TapoVideos\Computer Camera\2026-02-25\2026-02-25 18-35-23.mp4,neither,2026-03-01T17:05:51.660045+00:00,0.936,37,77
C:\Users\jaysh\TapoVideos\Computer Camera\2026-02-25\2026-02-25 18-40-37.mp4,neither,2026-03-01T17:05:54.266466+00:00,0.809,53,92
C:\Users\jaysh\TapoVideos\Computer Camera\2026-02-25\2026-02-25 18-29-54.mp4,neither,2026-03-01T17:05:56.977953+00:00,0.914,48,112
C:\Users\jaysh\TapoVideos\Computer Camera\2026-02-25\2026-02-25 19-12-19.mp4,neither,2026-03-01T17:05:59.697602+00:00,0.894,6,36
C:\Users\jaysh\TapoVideos\Computer Camera\2026-02-25\2026-02-25 20-25-38.mp4,neither,2026-03-01T17:06:03.971038+00:00,0.836,28,40
C:\Users\jaysh\TapoVideos\Computer Camera\2026-02-25\2026-02-25 19-26-43.mp4,neither,2026-03-01T17:06:10.104099+00:00,0.897,13,96
C:\Users\jaysh\TapoVideos\Computer Camera\2026-02-25\2026-02-25 20-27-22.mp4,neither,2026-03-01T17:06:14.282008+00:00,0.81,16,32
C:\Users\jaysh\TapoVideos\Computer Camera\2026-02-25\2026-02-25 19-33-59.mp4,wee,2026-03-01T17:06:19.747742+00:00,0.854,59,72
C:\Users\jaysh\TapoVideos\Computer Camera\2026-02-25\2026-02-25 20-34-35.mp4,neither,2026-03-01T17:06:21.833863+00:00,0.757,25,36
C:\Users\jaysh\TapoVideos\Computer Camera\2026-02-25\2026-02-25 20-34-35.mp4,neither,2026-03-01T17:06:28.492972+00:00,0.757,25,36
C:\Users\jaysh\TapoVideos\Computer Camera\2026-02-25\2026-02-25 19-21-31.mp4,neither,2026-03-01T17:06:31.154626+00:00,0.926,27,56
C:\Users\jaysh\TapoVideos\Computer Camera\2026-02-25\2026-02-25 20-34-59.mp4,neither,2026-03-01T17:06:34.907613+00:00,0.859,33,60
C:\Users\jaysh\TapoVideos\Computer Camera\2026-02-25\2026-02-25 20-33-17.mp4,neither,2026-03-01T17:06:39.860932+00:00,0.84,15,88
C:\Users\jaysh\TapoVideos\Computer Camera\2026-02-25\2026-02-25 20-29-29.mp4,neither,2026-03-01T17:06:42.974246+00:00,0.924,61,144
C:\Users\jaysh\TapoVideos\Computer Camera\2026-02-25\2026-02-25 20-30-37.mp4,neither,2026-03-01T17:06:47.428267+00:00,0.924,21,128
C:\Users\jaysh\TapoVideos\Computer Camera\2026-02-25\2026-02-25 20-37-35.mp4,neither,2026-03-01T17:06:49.499441+00:00,0.884,6,48
C:\Users\jaysh\TapoVideos\Computer Camera\2026-02-25\2026-02-25 20-46-03.mp4,neither,2026-03-01T17:06:52.568898+00:00,0.822,34,40
C:\Users\jaysh\TapoVideos\Computer Camera\2026-02-25\2026-02-25 20-45-13.mp4,neither,2026-03-01T17:06:55.320508+00:00,0.844,66,80
C:\Users\jaysh\TapoVideos\Computer Camera\2026-02-25\2026-02-25 20-36-59.mp4,neither,2026-03-01T17:06:58.018922+00:00,0.799,36,80
C:\Users\jaysh\TapoVideos\Computer Camera\2026-02-25\2026-02-25 21-02-10.mp4,neither,2026-03-01T17:06:59.840637+00:00,0.871,32,40
C:\Users\jaysh\TapoVideos\Computer Camera\2026-02-25\2026-02-25 20-58-02.mp4,neither,2026-03-01T17:07:02.285474+00:00,0.898,20,52
C:\Users\jaysh\TapoVideos\Computer Camera\2026-02-25\2026-02-25 20-56-25.mp4,neither,2026-03-01T17:07:05.324726+00:00,0.774,31,68
C:\Users\jaysh\TapoVideos\Computer Camera\2026-02-25\2026-02-25 21-04-08.mp4,neither,2026-03-01T17:07:07.385889+00:00,0.778,8,32
C:\Users\jaysh\TapoVideos\Computer Camera\2026-02-25\2026-02-25 21-03-49.mp4,neither,2026-03-01T17:07:09.093698+00:00,0.806,34,44
C:\Users\jaysh\TapoVideos\Computer Camera\2026-02-25\2026-02-25 21-17-05.mp4,neither,2026-03-01T17:07:11.534006+00:00,0.766,12,48
C:\Users\jaysh\TapoVideos\Computer Camera\2026-02-25\2026-02-25 21-13-02.mp4,neither,2026-03-01T17:07:13.511582+00:00,0.9,25,68
C:\Users\jaysh\TapoVideos\Computer Camera\2026-02-25\2026-02-25 21-28-48.mp4,neither,2026-03-01T17:07:16.220342+00:00,0.847,4,40
C:\Users\jaysh\TapoVideos\Computer Camera\2026-02-25\2026-02-25 21-16-35.mp4,neither,2026-03-01T17:07:17.610031+00:00,0.881,33,68
C:\Users\jaysh\TapoVideos\Computer Camera\2026-02-25\2026-02-25 21-24-24.mp4,neither,2026-03-01T17:07:20.268747+00:00,0.812,15,76
C:\Users\jaysh\TapoVideos\Computer Camera\2026-02-25\2026-02-25 21-39-44.mp4,neither,2026-03-01T17:07:22.483697+00:00,0.87,6,36
C:\Users\jaysh\TapoVideos\Computer Camera\2026-02-25\2026-02-25 21-40-27.mp4,neither,2026-03-01T17:07:24.719532+00:00,0.846,5,32
C:\Users\jaysh\TapoVideos\Computer Camera\2026-02-25\2026-02-25 21-18-54.mp4,neither,2026-03-01T17:07:27.235908+00:00,0.91,28,88
C:\Users\jaysh\TapoVideos\Computer Camera\2026-02-25\2026-02-25 20-44-33.mp4,neither,2026-03-01T17:07:31.311672+00:00,0.896,37,76
C:\Users\jaysh\TapoVideos\Computer Camera\2026-02-25\2026-02-25 21-42-18.mp4,neither,2026-03-01T17:07:35.123219+00:00,0.844,8,40
C:\Users\jaysh\TapoVideos\Computer Camera\2026-02-25\2026-02-25 21-46-27.mp4,neither,2026-03-01T17:07:38.783347+00:00,0.905,27,52
C:\Users\jaysh\TapoVideos\Computer Camera\2026-02-25\2026-02-25 21-44-32.mp4,neither,2026-03-01T17:07:41.125725+00:00,0.775,4,68
C:\Users\jaysh\TapoVideos\Computer Camera\2026-02-25\2026-02-25 21-47-54.mp4,neither,2026-03-01T17:07:46.825308+00:00,0.935,64,80
C:\Users\jaysh\TapoVideos\Computer Camera\2026-02-25\2026-02-25 21-52-35.mp4,neither,2026-03-01T17:07:50.569235+00:00,0.828,6,72
C:\Users\jaysh\TapoVideos\Computer Camera\2026-02-25\2026-02-25 18-27-42.mp4,neither,2026-03-01T17:07:53.033112+00:00,0.899,46,172
C:\Users\jaysh\TapoVideos\Computer Camera\2026-02-25\2026-02-25 22-00-07.mp4,wee,2026-03-01T17:07:59.216325+00:00,0.903,45,80
C:\Users\jaysh\TapoVideos\Computer Camera\2026-02-25\2026-02-25 22-07-01.mp4,neither,2026-03-01T17:08:05.820980+00:00,0.583,4,32
C:\Users\jaysh\TapoVideos\Computer Camera\2026-02-25\2026-02-25 22-06-36.mp4,neither,2026-03-01T17:08:09.177375+00:00,0.872,31,48
C:\Users\jaysh\TapoVideos\Computer Camera\2026-02-25\2026-02-25 22-07-15.mp4,neither,2026-03-01T17:08:11.498482+00:00,0.685,7,44
C:\Users\jaysh\TapoVideos\Computer Camera\2026-02-25\2026-02-25 22-08-47.mp4,neither,2026-03-01T17:08:16.570327+00:00,0.895,33,64
C:\Users\jaysh\TapoVideos\Computer Camera\2026-02-25\2026-02-25 21-48-55.mp4,neither,2026-03-01T17:08:21.274653+00:00,0.89,52,92
C:\Users\jaysh\TapoVideos\Computer Camera\2026-02-26\2026-02-26 01-21-34.mp4,neither,2026-03-01T17:08:24.839273+00:00,0.814,21,60
C:\Users\jaysh\TapoVideos\Computer Camera\2026-02-26\2026-02-26 08-02-01.mp4,neither,2026-03-01T17:11:50.147001+00:00,0.875,12,43
C:\Users\jaysh\TapoVideos\Computer Camera\2026-02-26\2026-02-26 08-02-19.mp4,neither,2026-03-01T17:11:53.636417+00:00,0.882,39,72
C:\Users\jaysh\TapoVideos\Computer Camera\2026-02-25\2026-02-25 21-45-03.mp4,neither,2026-03-01T17:11:54.827123+00:00,0.774,19,176
C:\Users\jaysh\TapoVideos\Computer Camera\2026-02-26\2026-02-26 09-17-17.mp4,neither,2026-03-01T17:11:56.883416+00:00,0.795,4,36
C:\Users\jaysh\TapoVideos\Computer Camera\2026-02-25\2026-02-25 17-28-26.mp4,neither,2026-03-01T17:11:59.069579+00:00,0.921,47,112
C:\Users\jaysh\TapoVideos\Computer Camera\2026-02-26\2026-02-26 08-16-16.mp4,neither,2026-03-01T17:12:04.678128+00:00,0.84,15,40
C:\Users\jaysh\TapoVideos\Computer Camera\2026-02-26\2026-02-26 08-26-53.mp4,wee,2026-03-01T17:12:07.888379+00:00,0.888,30,60
C:\Users\jaysh\TapoVideos\Computer Camera\2026-02-26\2026-02-26 18-19-16.mp4,wee,2026-03-01T17:12:08.882120+00:00,0.904,18,40
C:\Users\jaysh\TapoVideos\Computer Camera\2026-02-26\2026-02-26 18-19-00.mp4,wee,2026-03-01T17:12:12.285695+00:00,0.904,27,36
C:\Users\jaysh\TapoVideos\Computer Camera\2026-02-26\2026-02-26 18-42-48.mp4,neither,2026-03-01T17:12:18.783456+00:00,0.859,38,48
C:\Users\jaysh\TapoVideos\Computer Camera\2026-02-25\2026-02-25 18-30-53.mp4,neither,2026-03-01T17:12:22.695285+00:00,0.931,33,170
C:\Users\jaysh\TapoVideos\Computer Camera\2026-02-26\2026-02-26 18-48-20.mp4,neither,2026-03-01T17:12:25.859891+00:00,0.763,34,72
C:\Users\jaysh\TapoVideos\Computer Camera\2026-02-26\2026-02-26 18-42-19.mp4,neither,2026-03-01T17:12:28.887603+00:00,0.83,59,68
C:\Users\jaysh\TapoVideos\Computer Camera\2026-02-26\2026-02-26 18-50-16.mp4,neither,2026-03-01T17:12:31.224197+00:00,0.862,35,52
C:\Users\jaysh\TapoVideos\Computer Camera\2026-02-25\2026-02-25 22-14-28.mp4,neither,2026-03-01T17:12:32.869936+00:00,0.837,16,36
C:\Users\jaysh\TapoVideos\Computer Camera\2026-02-26\2026-02-26 18-46-32.mp4,neither,2026-03-01T17:12:36.726155+00:00,0.916,55,124
C:\Users\jaysh\TapoVideos\Computer Camera\2026-02-26\2026-02-26 08-02-50.mp4,neither,2026-03-01T17:12:39.759753+00:00,0.907,41,80
C:\Users\jaysh\TapoVideos\Computer Camera\2026-02-25\2026-02-25 17-23-30.mp4,neither,2026-03-01T17:12:45.281439+00:00,0.923,238,300
C:\Users\jaysh\TapoVideos\Computer Camera\2026-02-26\2026-02-26 18-43-22.mp4,neither,2026-03-01T17:12:49.018442+00:00,0.903,42,108
C:\Users\jaysh\TapoVideos\Computer Camera\2026-02-26\2026-02-26 07-57-12.mp4,neither,2026-03-01T17:12:51.475219+00:00,0.801,13,152
C:\Users\jaysh\TapoVideos\Computer Camera\2026-02-26\2026-02-26 19-06-02.mp4,neither,2026-03-01T17:12:55.384112+00:00,0.863,36,76
C:\Users\jaysh\TapoVideos\Computer Camera\2026-02-26\2026-02-26 09-29-09.mp4,neither,2026-03-01T17:13:00.199873+00:00,0.88,27,113
C:\Users\jaysh\TapoVideos\Computer Camera\2026-02-26\2026-02-26 18-49-57.mp4,neither,2026-03-01T17:13:02.646504+00:00,0.881,24,40
C:\Users\jaysh\TapoVideos\Computer Camera\2026-02-26\2026-02-26 19-31-10.mp4,neither,2026-03-01T17:13:05.587362+00:00,0.888,40,84
C:\Users\jaysh\TapoVideos\Computer Camera\2026-02-26\2026-02-26 19-36-13.mp4,neither,2026-03-01T17:13:08.966686+00:00,0.837,35,72
C:\Users\jaysh\TapoVideos\Computer Camera\2026-02-26\2026-02-26 19-06-44.mp4,wee,2026-03-01T17:13:11.518188+00:00,0.832,23,52
C:\Users\jaysh\TapoVideos\Computer Camera\2026-02-26\2026-02-26 19-35-06.mp4,neither,2026-03-01T17:13:22.427105+00:00,0.855,10,72
C:\Users\jaysh\TapoVideos\Computer Camera\2026-02-26\2026-02-26 19-40-03.mp4,neither,2026-03-01T17:13:25.949015+00:00,0.904,12,84
C:\Users\jaysh\TapoVideos\Computer Camera\2026-02-26\2026-02-26 19-20-16.mp4,neither,2026-03-01T17:13:34.472496+00:00,0.91,39,220
C:\Users\jaysh\TapoVideos\Computer Camera\2026-02-26\2026-02-26 20-57-16.mp4,neither,2026-03-01T17:13:37.753046+00:00,0.906,50,52
C:\Users\jaysh\TapoVideos\Computer Camera\2026-02-26\2026-02-26 20-51-18.mp4,neither,2026-03-01T17:13:41.308590+00:00,0.902,60,92
C:\Users\jaysh\TapoVideos\Computer Camera\2026-02-26\2026-02-26 20-58-18.mp4,neither,2026-03-01T17:13:43.860070+00:00,0.886,32,36
C:\Users\jaysh\TapoVideos\Computer Camera\2026-02-26\2026-02-26 19-22-21.mp4,neither,2026-03-01T17:13:45.842662+00:00,0.92,85,144
C:\Users\jaysh\TapoVideos\Computer Camera\2026-02-26\2026-02-26 20-58-43.mp4,neither,2026-03-01T17:13:48.725828+00:00,0.868,43,48
C:\Users\jaysh\TapoVideos\Computer Camera\2026-02-26\2026-02-26 20-57-40.mp4,neither,2026-03-01T17:13:51.976265+00:00,0.919,68,68
C:\Users\jaysh\TapoVideos\Computer Camera\2026-02-26\2026-02-26 20-52-25.mp4,neither,2026-03-01T17:13:54.701151+00:00,0.908,30,88
C:\Users\jaysh\TapoVideos\Computer Camera\2026-02-26\2026-02-26 21-09-18.mp4,neither,2026-03-01T17:13:58.616937+00:00,0.909,22,56
C:\Users\jaysh\TapoVideos\Computer Camera\2026-02-26\2026-02-26 19-24-03.mp4,neither,2026-03-01T17:14:03.901185+00:00,0.878,35,72
C:\Users\jaysh\TapoVideos\Computer Camera\2026-02-26\2026-02-26 21-08-25.mp4,neither,2026-03-01T17:14:06.281324+00:00,0.925,49,68
C:\Users\jaysh\TapoVideos\Computer Camera\2026-02-26\2026-02-26 23-06-30.mp4,neither,2026-03-01T17:14:09.307751+00:00,0.636,29,36
C:\Users\jaysh\TapoVideos\Computer Camera\2026-02-26\2026-02-26 23-07-01.mp4,neither,2026-03-01T17:14:13.292352+00:00,0.846,39,48
C:\Users\jaysh\TapoVideos\Computer Camera\2026-02-26\2026-02-26 20-59-13.mp4,neither,2026-03-01T17:14:16.411214+00:00,0.851,32,104
C:\Users\jaysh\TapoVideos\Computer Camera\2026-02-26\2026-02-26 23-08-04.mp4,neither,2026-03-01T17:14:18.316612+00:00,0.636,27,32
C:\Users\jaysh\TapoVideos\Computer Camera\2026-02-26\2026-02-26 20-54-16.mp4,neither,2026-03-01T17:14:21.897738+00:00,0.915,76,136
C:\Users\jaysh\TapoVideos\Computer Camera\2026-02-26\2026-02-26 23-07-23.mp4,neither,2026-03-01T17:14:24.266700+00:00,0.887,63,84
C:\Users\jaysh\TapoVideos\Computer Camera\2026-02-26\2026-02-26 18-53-27.mp4,neither,2026-03-01T17:14:26.500481+00:00,0.811,11,164
C:\Users\jaysh\TapoVideos\Computer Camera\2026-02-26\2026-02-26 23-10-09.mp4,neither,2026-03-01T17:14:28.448583+00:00,0.874,29,36
C:\Users\jaysh\TapoVideos\Computer Camera\2026-02-26\2026-02-26 23-02-44.mp4,neither,2026-03-01T17:14:31.830127+00:00,0.789,16,156
C:\Users\jaysh\TapoVideos\Computer Camera\2026-02-26\2026-02-26 23-10-30.mp4,neither,2026-03-01T17:14:35.360194+00:00,0.843,44,44
C:\Users\jaysh\TapoVideos\Computer Camera\2026-02-26\2026-02-26 23-11-13.mp4,neither,2026-03-01T17:14:39.211812+00:00,0.807,36,36
C:\Users\jaysh\TapoVideos\Computer Camera\2026-02-26\2026-02-26 20-55-30.mp4,neither,2026-03-01T17:14:45.850629+00:00,0.843,61,191
C:\Users\jaysh\TapoVideos\Computer Camera\2026-02-26\2026-02-26 18-44-36.mp4,neither,2026-03-01T17:14:52.746030+00:00,0.922,122,216
C:\Users\jaysh\TapoVideos\Computer Camera\2026-02-26\2026-02-26 23-10-51.mp4,neither,2026-03-01T17:15:18.992076+00:00,0.891,52,52
C:\Users\jaysh\TapoVideos\Computer Camera\2026-02-26\2026-02-26 23-08-41.mp4,neither,2026-03-01T17:15:22.758924+00:00,0.866,32,72
C:\Users\jaysh\TapoVideos\Computer Camera\2026-02-26\2026-02-26 23-11-35.mp4,neither,2026-03-01T17:15:27.237607+00:00,0.812,14,72
C:\Users\jaysh\TapoVideos\Computer Camera\2026-02-26\2026-02-26 23-03-58.mp4,neither,2026-03-01T17:15:32.750967+00:00,0.857,62,300
C:\Users\jaysh\TapoVideos\Computer Camera\2026-02-27\2026-02-27 09-36-50.mp4,wee,2026-03-01T17:15:39.300487+00:00,0.914,29,36
C:\Users\jaysh\TapoVideos\Computer Camera\2026-02-26\2026-02-26 20-49-18.mp4,neither,2026-03-01T17:15:43.819930+00:00,0.908,77,236
C:\Users\jaysh\TapoVideos\Computer Camera\2026-02-27\2026-02-27 09-37-08.mp4,wee,2026-03-01T17:15:46.973143+00:00,0.889,17,44
C:\Users\jaysh\TapoVideos\Computer Camera\2026-02-27\2026-02-27 11-42-38.mp4,neither,2026-03-01T17:15:50.252153+00:00,0.886,7,40
C:\Users\jaysh\TapoVideos\Computer Camera\2026-02-27\2026-02-27 11-42-11.mp4,neither,2026-03-01T17:15:53.481816+00:00,0.867,11,63
C:\Users\jaysh\TapoVideos\Computer Camera\2026-02-27\2026-02-27 09-52-53.mp4,neither,2026-03-01T17:15:57.653865+00:00,0.444,1,72
C:\Users\jaysh\TapoVideos\Computer Camera\2026-02-27\2026-02-27 11-42-55.mp4,neither,2026-03-01T17:16:03.446771+00:00,0.89,26,108
C:\Users\jaysh\TapoVideos\Computer Camera\2026-02-27\2026-02-27 11-44-20.mp4,neither,2026-03-01T17:16:08.821683+00:00,0.896,27,88
C:\Users\jaysh\TapoVideos\Computer Camera\2026-02-27\2026-02-27 11-51-31.mp4,neither,2026-03-01T17:16:13.138867+00:00,0.9,26,60
C:\Users\jaysh\TapoVideos\Computer Camera\2026-02-27\2026-02-27 11-57-36.mp4,neither,2026-03-01T17:16:15.972502+00:00,0.798,5,72
C:\Users\jaysh\TapoVideos\Computer Camera\2026-02-27\2026-02-27 12-19-09.mp4,neither,2026-03-01T17:16:18.143504+00:00,0.496,1,40
C:\Users\jaysh\TapoVideos\Computer Camera\2026-02-27\2026-02-27 12-32-30.mp4,neither,2026-03-01T17:16:20.305421+00:00,0.88,27,56
C:\Users\jaysh\TapoVideos\Computer Camera\2026-02-27\2026-02-27 12-31-38.mp4,neither,2026-03-01T17:16:22.900434+00:00,0.908,55,84
C:\Users\jaysh\TapoVideos\Computer Camera\2026-02-27\2026-02-27 12-19-26.mp4,wee,2026-03-01T17:16:36.686156+00:00,0.876,38,124
C:\Users\jaysh\TapoVideos\Computer Camera\2026-02-27\2026-02-27 12-46-14.mp4,neither,2026-03-01T17:16:42.457407+00:00,0.742,5,36
C:\Users\jaysh\TapoVideos\Computer Camera\2026-02-27\2026-02-27 12-46-46.mp4,neither,2026-03-01T17:16:46.314905+00:00,0.798,28,84
C:\Users\jaysh\TapoVideos\Computer Camera\2026-02-27\2026-02-27 12-13-29.mp4,neither,2026-03-01T17:16:50.507480+00:00,0.39,1,264
