path,on_pad,best_overlap,pad_frame_count,dog_frame_count,total_frames_checked,best_confidence
C:\Users\jaysh\TapoVideos\Computer Camera\2026-02-22\2026-02-22 00-16-27.mp4,False,0.0,0,5,36,0.537
C:\Users\jaysh\TapoVideos\Computer Camera\2026-02-22\2026-02-22 00-17-19.mp4,False,0.0,0,18,56,0.855
C:\Users\jaysh\TapoVideos\Computer Camera\2026-02-22\2026-02-22 00-31-33.mp4,True,0.36,15,35,76,0.88
C:\Users\jaysh\TapoVideos\Computer Camera\2026-02-22\2026-02-22 00-35-09.mp4,True,0.256,4,41,92,0.812
C:\Users\jaysh\TapoVideos\Computer Camera\2026-02-22\2026-02-22 00-36-39.mp4,False,0.033,0,8,40,0.596
C:\Users\jaysh\TapoVideos\Computer Camera\2026-02-22\2026-02-22 00-37-07.mp4,True,1.0,23,60,120,0.917
C:\Users\jaysh\TapoVideos\Computer Camera\2026-02-22\2026-02-22 00-38-05.mp4,True,1.0,4,8,44,0.899
C:\Users\jaysh\TapoVideos\Computer Camera\2026-02-22\2026-02-22 00-44-08.mp4,False,0.0,0,1,36,0.686
C:\Users\jaysh\TapoVideos\Computer Camera\2026-02-22\2026-02-22 00-45-40.mp4,False,0.002,0,3,36,0.478
C:\Users\jaysh\TapoVideos\Computer Camera\2026-02-22\2026-02-22 00-46-24.mp4,False,0.025,0,4,36,0.727
C:\Users\jaysh\TapoVideos\Computer Camera\2026-02-22\2026-02-22 00-47-23.mp4,False,0.008,0,3,36,0.775
C:\Users\jaysh\TapoVideos\Computer Camera\2026-02-22\2026-02-22 00-47-40.mp4,True,0.055,1,7,36,0.744
C:\Users\jaysh\TapoVideos\Computer Camera\2026-02-22\2026-02-22 00-48-09.mp4,False,0.022,0,4,40,0.849
C:\Users\jaysh\TapoVideos\Computer Camera\2026-02-22\2026-02-22 00-48-51.mp4,False,0.0,0,3,36,0.746
C:\Users\jaysh\TapoVideos\Computer Camera\2026-02-22\2026-02-22 00-50-35.mp4,True,0.059,1,13,72,0.705
C:\Users\jaysh\TapoVideos\Computer Camera\2026-02-22\2026-02-22 00-51-48.mp4,True,0.076,1,6,36,0.786
C:\Users\jaysh\TapoVideos\Computer Camera\2026-02-22\2026-02-22 00-54-31.mp4,False,0.019,0,2,36,0.744
C:\Users\jaysh\TapoVideos\Computer Camera\2026-02-22\2026-02-22 00-55-00.mp4,False,0.0,0,11,68,0.792
C:\Users\jaysh\TapoVideos\Computer Camera\2026-02-22\2026-02-22 00-56-36.mp4,False,0.023,0,27,176,0.823
C:\Users\jaysh\TapoVideos\Computer Camera\2026-02-22\2026-02-22 00-58-08.mp4,False,0.0,0,5,52,0.698
C:\Users\jaysh\TapoVideos\Computer Camera\2026-02-22\2026-02-22 00-58-36.mp4,False,0.0,0,5,44,0.828
C:\Users\jaysh\TapoVideos\Computer Camera\2026-02-22\2026-02-22 00-59-31.mp4,False,0.0,0,13,48,0.713
C:\Users\jaysh\TapoVideos\Computer Camera\2026-02-22\2026-02-22 00-59-53.mp4,False,0.0,0,12,48,0.523
C:\Users\jaysh\TapoVideos\Computer Camera\2026-02-22\2026-02-22 01-01-25.mp4,False,0.0,0,1,36,0.602
C:\Users\jaysh\TapoVideos\Computer Camera\2026-02-22\2026-02-22 01-01-56.mp4,True,1.0,23,48,100,0.945
C:\Users\jaysh\TapoVideos\Computer Camera\2026-02-22\2026-02-22 01-02-42.mp4,False,0.0,0,27,36,0.862
C:\Users\jaysh\TapoVideos\Computer Camera\2026-02-22\2026-02-22 01-03-13.mp4,False,0.014,0,10,56,0.792
C:\Users\jaysh\TapoVideos\Computer Camera\2026-02-22\2026-02-22 01-07-01.mp4,False,0.0,0,32,60,0.792
C:\Users\jaysh\TapoVideos\Computer Camera\2026-02-22\2026-02-22 01-07-28.mp4,False,0.0,0,53,60,0.88
C:\Users\jaysh\TapoVideos\Computer Camera\2026-02-22\2026-02-22 01-08-11.mp4,True,0.448,17,27,56,0.92
C:\Users\jaysh\TapoVideos\Computer Camera\2026-02-22\2026-02-22 01-08-49.mp4,True,1.0,7,105,156,0.899
C:\Users\jaysh\TapoVideos\Computer Camera\2026-02-22\2026-02-22 01-10-09.mp4,True,1.0,10,53,108,0.886
C:\Users\jaysh\TapoVideos\Computer Camera\2026-02-22\2026-02-22 01-13-39.mp4,False,0.0,0,6,36,0.786
C:\Users\jaysh\TapoVideos\Computer Camera\2026-02-22\2026-02-22 01-14-29.mp4,True,1.0,14,37,92,0.949
C:\Users\jaysh\TapoVideos\Computer Camera\2026-02-22\2026-02-22 01-18-41.mp4,False,0.0,0,17,44,0.771
C:\Users\jaysh\TapoVideos\Computer Camera\2026-02-22\2026-02-22 01-19-23.mp4,False,0.0,0,16,56,0.811
C:\Users\jaysh\TapoVideos\Computer Camera\2026-02-22\2026-02-22 01-21-16.mp4,False,0.0,0,38,40,0.708
C:\Users\jaysh\TapoVideos\Computer Camera\2026-02-22\2026-02-22 01-21-54.mp4,False,0.0,0,9,36,0.884
C:\Users\jaysh\TapoVideos\Computer Camera\2026-02-22\2026-02-22 02-03-05.mp4,False,0.0,0,2,32,0.439
C:\Users\jaysh\TapoVideos\Computer Camera\2026-02-22\2026-02-22 02-04-31.mp4,True,0.932,18,40,60,0.871
C:\Users\jaysh\TapoVideos\Computer Camera\2026-02-22\2026-02-22 02-07-02.mp4,False,0.0,0,12,36,0.808
C:\Users\jaysh\TapoVideos\Computer Camera\2026-02-22\2026-02-22 02-07-47.mp4,True,1.0,28,50,72,0.871
C:\Users\jaysh\TapoVideos\Computer Camera\2026-02-22\2026-02-22 09-49-46.mp4,False,0.0,0,6,32,0.691
C:\Users\jaysh\TapoVideos\Computer Camera\2026-02-22\2026-02-22 09-59-21.mp4,False,0.0,0,6,36,0.804
C:\Users\jaysh\TapoVideos\Computer Camera\2026-02-22\2026-02-22 11-08-22.mp4,True,0.347,1,1,28,0.781
C:\Users\jaysh\TapoVideos\Computer Camera\2026-02-22\2026-02-22 11-08-42.mp4,True,0.301,2,2,32,0.567
C:\Users\jaysh\TapoVideos\Computer Camera\2026-02-22\2026-02-22 11-13-49.mp4,False,0.0,0,4,94,0.42
C:\Users\jaysh\TapoVideos\Computer Camera\2026-02-22\2026-02-22 11-14-33.mp4,False,0.0,0,1,40,0.379
C:\Users\jaysh\TapoVideos\Computer Camera\2026-02-22\2026-02-22 11-52-41.mp4,False,0.0,0,3,32,0.702
C:\Users\jaysh\TapoVideos\Computer Camera\2026-02-22\2026-02-22 12-07-46.mp4,True,0.989,24,33,72,0.912
C:\Users\jaysh\TapoVideos\Computer Camera\2026-02-22\2026-02-22 12-23-13.mp4,False,0.0,0,43,100,0.883
C:\Users\jaysh\TapoVideos\Computer Camera\2026-02-22\2026-02-22 12-24-08.mp4,False,0.0,0,20,52,0.687
C:\Users\jaysh\TapoVideos\Computer Camera\2026-02-22\2026-02-22 12-30-23.mp4,False,0.0,0,4,44,0.53
C:\Users\jaysh\TapoVideos\Computer Camera\2026-02-22\2026-02-22 12-30-43.mp4,True,0.347,3,24,104,0.859
C:\Users\jaysh\TapoVideos\Computer Camera\2026-02-22\2026-02-22 12-36-09.mp4,False,0.0,0,6,63,0.565
C:\Users\jaysh\TapoVideos\Computer Camera\2026-02-22\2026-02-22 12-38-13.mp4,False,0.0,0,18,64,0.766
C:\Users\jaysh\TapoVideos\Computer Camera\2026-02-22\2026-02-22 13-08-35.mp4,False,0.0,0,2,36,0.554
C:\Users\jaysh\TapoVideos\Computer Camera\2026-02-22\2026-02-22 13-08-50.mp4,True,0.322,9,11,36,0.718
C:\Users\jaysh\TapoVideos\Computer Camera\2026-02-22\2026-02-22 13-09-24.mp4,True,0.348,8,10,72,0.848
C:\Users\jaysh\TapoVideos\Computer Camera\2026-02-22\2026-02-22 13-26-06.mp4,False,0.0,0,14,48,0.891
C:\Users\jaysh\TapoVideos\Computer Camera\2026-02-22\2026-02-22 13-26-31.mp4,False,0.0,0,8,48,0.687
C:\Users\jaysh\TapoVideos\Computer Camera\2026-02-22\2026-02-22 13-28-33.mp4,False,0.0,0,5,56,0.882
C:\Users\jaysh\TapoVideos\Computer Camera\2026-02-22\2026-02-22 13-52-21.mp4,False,0.017,0,3,64,0.612
C:\Users\jaysh\TapoVideos\Computer Camera\2026-02-22\2026-02-22 13-53-29.mp4,False,0.02,0,5,44,0.791
C:\Users\jaysh\TapoVideos\Computer Camera\2026-02-22\2026-02-22 13-55-21.mp4,True,0.218,2,6,52,0.861
C:\Users\jaysh\TapoVideos\Computer Camera\2026-02-22\2026-02-22 14-04-01.mp4,True,1.0,27,53,68,0.898
C:\Users\jaysh\TapoVideos\Computer Camera\2026-02-22\2026-02-22 14-04-34.mp4,False,0.0,0,6,32,0.658
C:\Users\jaysh\TapoVideos\Computer Camera\2026-02-22\2026-02-22 14-05-42.mp4,True,0.393,2,4,32,0.857
C:\Users\jaysh\TapoVideos\Computer Camera\2026-02-22\2026-02-22 14-21-16.mp4,False,0.0,0,26,32,0.791
C:\Users\jaysh\TapoVideos\Computer Camera\2026-02-22\2026-02-22 14-21-36.mp4,False,0.0,0,59,60,0.909
C:\Users\jaysh\TapoVideos\Computer Camera\2026-02-22\2026-02-22 14-22-02.mp4,False,0.0,0,32,32,0.893
C:\Users\jaysh\TapoVideos\Computer Camera\2026-02-22\2026-02-22 14-22-19.mp4,False,0.0,0,66,80,0.872
C:\Users\jaysh\TapoVideos\Computer Camera\2026-02-22\2026-02-22 14-23-27.mp4,False,0.0,0,36,36,0.864
C:\Users\jaysh\TapoVideos\Computer Camera\2026-02-22\2026-02-22 14-23-50.mp4,False,0.0,0,7,32,0.825
C:\Users\jaysh\TapoVideos\Computer Camera\2026-02-22\2026-02-22 14-29-20.mp4,True,0.184,7,50,132,0.873
C:\Users\jaysh\TapoVideos\Computer Camera\2026-02-22\2026-02-22 14-30-23.mp4,True,0.855,10,68,148,0.871
C:\Users\jaysh\TapoVideos\Computer Camera\2026-02-22\2026-02-22 14-31-33.mp4,True,0.081,6,142,264,0.906
C:\Users\jaysh\TapoVideos\Computer Camera\2026-02-22\2026-02-22 14-33-43.mp4,False,0.024,0,19,48,0.874
C:\Users\jaysh\TapoVideos\Computer Camera\2026-02-22\2026-02-22 14-34-34.mp4,True,1.0,27,48,96,0.847
C:\Users\jaysh\TapoVideos\Computer Camera\2026-02-22\2026-02-22 14-37-29.mp4,False,0.0,0,20,70,0.837
C:\Users\jaysh\TapoVideos\Computer Camera\2026-02-22\2026-02-22 14-38-01.mp4,False,0.0,0,1,32,0.597
C:\Users\jaysh\TapoVideos\Computer Camera\2026-02-22\2026-02-22 14-38-24.mp4,False,0.004,0,12,36,0.84
C:\Users\jaysh\TapoVideos\Computer Camera\2026-02-22\2026-02-22 14-38-54.mp4,True,0.144,3,16,40,0.889
C:\Users\jaysh\TapoVideos\Computer Camera\2026-02-22\2026-02-22 14-39-13.mp4,False,0.0,0,2,32,0.849
C:\Users\jaysh\TapoVideos\Computer Camera\2026-02-22\2026-02-22 14-39-41.mp4,False,0.0,0,3,32,0.694
C:\Users\jaysh\TapoVideos\Computer Camera\2026-02-22\2026-02-22 14-39-56.mp4,False,0.0,0,27,40,0.777
C:\Users\jaysh\TapoVideos\Computer Camera\2026-02-22\2026-02-22 14-40-26.mp4,True,0.77,14,66,80,0.897
C:\Users\jaysh\TapoVideos\Computer Camera\2026-02-22\2026-02-22 14-41-02.mp4,False,0.001,0,13,40,0.87
C:\Users\jaysh\TapoVideos\Computer Camera\2026-02-22\2026-02-22 14-43-25.mp4,False,0.0,0,10,32,0.756
C:\Users\jaysh\TapoVideos\Computer Camera\2026-02-22\2026-02-22 14-44-11.mp4,False,0.0,0,2,32,0.668
C:\Users\jaysh\TapoVideos\Computer Camera\2026-02-22\2026-02-22 14-44-41.mp4,False,0.025,0,26,32,0.811
C:\Users\jaysh\TapoVideos\Computer Camera\2026-02-22\2026-02-22 14-44-53.mp4,False,0.011,0,9,44,0.771
C:\Users\jaysh\TapoVideos\Computer Camera\2026-02-22\2026-02-22 14-46-21.mp4,True,0.359,3,19,72,0.904
C:\Users\jaysh\TapoVideos\Computer Camera\2026-02-22\2026-02-22 14-47-11.mp4,False,0.0,0,3,44,0.831
C:\Users\jaysh\TapoVideos\Computer Camera\2026-02-22\2026-02-22 14-47-56.mp4,True,0.087,15,27,64,0.853
C:\Users\jaysh\TapoVideos\Computer Camera\2026-02-22\2026-02-22 14-49-35.mp4,False,0.021,0,2,80,0.705
C:\Users\jaysh\TapoVideos\Computer Camera\2026-02-22\2026-02-22 14-50-16.mp4,False,0.004,0,2,56,0.825
C:\Users\jaysh\TapoVideos\Computer Camera\2026-02-22\2026-02-22 15-05-36.mp4,False,0.044,0,17,48,0.88
C:\Users\jaysh\TapoVideos\Computer Camera\2026-02-22\2026-02-22 15-48-55.mp4,False,0.0,0,2,100,0.508
C:\Users\jaysh\TapoVideos\Computer Camera\2026-02-22\2026-02-22 16-09-41.mp4,False,0.0,0,2,99,0.483
C:\Users\jaysh\TapoVideos\Computer Camera\2026-02-22\2026-02-22 16-10-30.mp4,True,0.185,51,66,272,0.796
C:\Users\jaysh\TapoVideos\Computer Camera\2026-02-22\2026-02-22 16-12-40.mp4,True,0.185,8,8,42,0.582
C:\Users\jaysh\TapoVideos\Computer Camera\2026-02-22\2026-02-22 16-12-58.mp4,True,0.115,6,63,140,0.873
C:\Users\jaysh\TapoVideos\Computer Camera\2026-02-22\2026-02-22 16-22-21.mp4,True,0.055,1,27,220,0.774
C:\Users\jaysh\TapoVideos\Computer Camera\2026-02-22\2026-02-22 16-25-45.mp4,False,0.0,0,6,68,0.858
C:\Users\jaysh\TapoVideos\Computer Camera\2026-02-22\2026-02-22 16-26-19.mp4,True,0.629,15,19,56,0.791
C:\Users\jaysh\TapoVideos\Computer Camera\2026-02-22\2026-02-22 16-30-55.mp4,False,0.047,0,20,200,0.873
C:\Users\jaysh\TapoVideos\Computer Camera\2026-02-22\2026-02-22 16-32-31.mp4,False,0.0,0,6,36,0.715
C:\Users\jaysh\TapoVideos\Computer Camera\2026-02-22\2026-02-22 16-32-50.mp4,False,0.0,0,18,136,0.806
C:\Users\jaysh\TapoVideos\Computer Camera\2026-02-22\2026-02-22 16-44-38.mp4,False,0.036,0,31,148,0.803
C:\Users\jaysh\TapoVideos\Computer Camera\2026-02-22\2026-02-22 16-45-49.mp4,False,0.034,0,55,80,0.777
C:\Users\jaysh\TapoVideos\Computer Camera\2026-02-22\2026-02-22 16-46-29.mp4,True,0.051,1,31,76,0.813
C:\Users\jaysh\TapoVideos\Computer Camera\2026-02-22\2026-02-22 16-54-17.mp4,True,0.089,2,11,36,0.657
C:\Users\jaysh\TapoVideos\Computer Camera\2026-02-22\2026-02-22 16-54-36.mp4,True,0.147,18,28,46,0.892
C:\Users\jaysh\TapoVideos\Computer Camera\2026-02-22\2026-02-22 16-54-56.mp4,True,0.112,3,29,40,0.837
C:\Users\jaysh\TapoVideos\Computer Camera\2026-02-22\2026-02-22 16-55-13.mp4,False,0.03,0,9,36,0.837
C:\Users\jaysh\TapoVideos\Computer Camera\2026-02-22\2026-02-22 16-56-05.mp4,False,0.041,0,27,88,0.792
C:\Users\jaysh\TapoVideos\Computer Camera\2026-02-22\2026-02-22 17-05-48.mp4,True,1.0,67,69,140,0.926
C:\Users\jaysh\TapoVideos\Computer Camera\2026-02-22\2026-02-22 17-06-53.mp4,True,1.0,30,30,48,0.753
C:\Users\jaysh\TapoVideos\Computer Camera\2026-02-22\2026-02-22 17-07-17.mp4,True,1.0,48,48,68,0.759
C:\Users\jaysh\TapoVideos\Computer Camera\2026-02-22\2026-02-22 17-07-49.mp4,True,1.0,62,71,152,0.842
C:\Users\jaysh\TapoVideos\Computer Camera\2026-02-22\2026-02-22 17-12-08.mp4,False,0.0,0,10,60,0.798
C:\Users\jaysh\TapoVideos\Computer Camera\2026-02-22\2026-02-22 17-15-27.mp4,False,0.0,0,1,36,0.645
C:\Users\jaysh\TapoVideos\Computer Camera\2026-02-22\2026-02-22 17-17-48.mp4,False,0.005,0,17,56,0.816
C:\Users\jaysh\TapoVideos\Computer Camera\2026-02-22\2026-02-22 17-21-52.mp4,True,0.489,8,20,102,0.828
C:\Users\jaysh\TapoVideos\Computer Camera\2026-02-22\2026-02-22 17-22-40.mp4,False,0.0,0,5,84,0.506
C:\Users\jaysh\TapoVideos\Computer Camera\2026-02-22\2026-02-22 17-38-57.mp4,True,0.091,1,12,43,0.85
C:\Users\jaysh\TapoVideos\Computer Camera\2026-02-22\2026-02-22 17-39-14.mp4,False,0.029,0,9,48,0.793
C:\Users\jaysh\TapoVideos\Computer Camera\2026-02-22\2026-02-22 17-41-11.mp4,False,0.0,0,3,32,0.791
C:\Users\jaysh\TapoVideos\Computer Camera\2026-02-22\2026-02-22 17-42-15.mp4,False,0.029,0,5,36,0.683
C:\Users\jaysh\TapoVideos\Computer Camera\2026-02-22\2026-02-22 17-42-59.mp4,True,0.206,5,9,36,0.776
C:\Users\jaysh\TapoVideos\Computer Camera\2026-02-22\2026-02-22 17-44-18.mp4,False,0.0,0,6,32,0.869
C:\Users\jaysh\TapoVideos\Computer Camera\2026-02-22\2026-02-22 17-44-30.mp4,True,0.108,2,4,36,0.869
C:\Users\jaysh\TapoVideos\Computer Camera\2026-02-22\2026-02-22 17-52-08.mp4,True,0.136,2,5,40,0.862
C:\Users\jaysh\TapoVideos\Computer Camera\2026-02-22\2026-02-22 17-53-22.mp4,True,0.098,2,5,36,0.765
C:\Users\jaysh\TapoVideos\Computer Camera\2026-02-22\2026-02-22 18-08-03.mp4,True,0.614,18,26,60,0.867
C:\Users\jaysh\TapoVideos\Computer Camera\2026-02-22\2026-02-22 18-08-33.mp4,False,0.0,0,10,36,0.75
C:\Users\jaysh\TapoVideos\Computer Camera\2026-02-22\2026-02-22 18-21-24.mp4,True,0.089,2,5,40,0.796
C:\Users\jaysh\TapoVideos\Computer Camera\2026-02-22\2026-02-22 18-45-01.mp4,False,0.0,0,1,38,0.459
C:\Users\jaysh\TapoVideos\Computer Camera\2026-02-22\2026-02-22 18-45-17.mp4,True,0.175,4,25,64,0.862
C:\Users\jaysh\TapoVideos\Computer Camera\2026-02-22\2026-02-22 18-48-41.mp4,False,0.006,0,25,108,0.8
C:\Users\jaysh\TapoVideos\Computer Camera\2026-02-22\2026-02-22 18-53-13.mp4,False,0.0,0,3,48,0.588
C:\Users\jaysh\TapoVideos\Computer Camera\2026-02-22\2026-02-22 18-54-28.mp4,False,0.004,0,25,120,0.888
C:\Users\jaysh\TapoVideos\Computer Camera\2026-02-22\2026-02-22 18-55-22.mp4,False,0.0,0,18,48,0.791
C:\Users\jaysh\TapoVideos\Computer Camera\2026-02-22\2026-02-22 18-56-03.mp4,False,0.044,0,12,62,0.701
C:\Users\jaysh\TapoVideos\Computer Camera\2026-02-22\2026-02-22 18-56-31.mp4,True,0.069,14,37,68,0.769
C:\Users\jaysh\TapoVideos\Computer Camera\2026-02-22\2026-02-22 18-57-05.mp4,True,0.088,10,16,128,0.707
C:\Users\jaysh\TapoVideos\Computer Camera\2026-02-22\2026-02-22 19-02-02.mp4,False,0.0,0,3,32,0.584
C:\Users\jaysh\TapoVideos\Computer Camera\2026-02-22\2026-02-22 19-02-22.mp4,False,0.042,0,15,64,0.754
C:\Users\jaysh\TapoVideos\Computer Camera\2026-02-22\2026-02-22 19-03-41.mp4,False,0.0,0,20,98,0.842
C:\Users\jaysh\TapoVideos\Computer Camera\2026-02-22\2026-02-22 19-21-21.mp4,False,0.0,0,1,36,0.436
C:\Users\jaysh\TapoVideos\Computer Camera\2026-02-22\2026-02-22 19-21-40.mp4,False,0.0,0,6,44,0.788
C:\Users\jaysh\TapoVideos\Computer Camera\2026-02-22\2026-02-22 19-22-06.mp4,False,0.0,0,3,32,0.556
C:\Users\jaysh\TapoVideos\Computer Camera\2026-02-22\2026-02-22 19-22-19.mp4,False,0.0,0,15,36,0.788
C:\Users\jaysh\TapoVideos\Computer Camera\2026-02-22\2026-02-22 19-23-09.mp4,False,0.0,0,5,36,0.628
C:\Users\jaysh\TapoVideos\Computer Camera\2026-02-22\2026-02-22 21-52-53.mp4,False,0.0,0,32,68,0.787
C:\Users\jaysh\TapoVideos\Computer Camera\2026-02-22\2026-02-22 21-56-33.mp4,True,0.645,16,22,64,0.85
C:\Users\jaysh\TapoVideos\Computer Camera\2026-02-22\2026-02-22 21-59-07.mp4,False,0.0,0,5,40,0.647
C:\Users\jaysh\TapoVideos\Computer Camera\2026-02-22\2026-02-22 21-59-56.mp4,False,0.0,0,2,44,0.598
C:\Users\jaysh\TapoVideos\Computer Camera\2026-02-22\2026-02-22 22-22-25.mp4,False,0.0,0,21,30,0.846
C:\Users\jaysh\TapoVideos\Computer Camera\2026-02-22\2026-02-22 22-22-37.mp4,True,1.0,6,19,84,0.744
C:\Users\jaysh\TapoVideos\Computer Camera\2026-02-22\2026-02-22 22-25-37.mp4,False,0.0,0,3,32,0.757
C:\Users\jaysh\TapoVideos\Computer Camera\2026-02-22\2026-02-22 22-29-14.mp4,True,0.331,1,32,60,0.833
C:\Users\jaysh\TapoVideos\Computer Camera\2026-02-22\2026-02-22 22-30-11.mp4,False,0.0,0,4,36,0.514
C:\Users\jaysh\TapoVideos\Computer Camera\2026-02-22\2026-02-22 22-33-16.mp4,True,0.719,1,16,60,0.781
C:\Users\jaysh\TapoVideos\Computer Camera\2026-02-22\2026-02-22 22-33-47.mp4,True,1.0,39,43,136,0.871
C:\Users\jaysh\TapoVideos\Computer Camera\2026-02-22\2026-02-22 22-36-07.mp4,True,1.0,23,28,76,0.725
C:\Users\jaysh\TapoVideos\Computer Camera\2026-02-22\2026-02-22 22-42-40.mp4,False,0.0,0,5,36,0.509
C:\Users\jaysh\TapoVideos\Computer Camera\2026-02-22\2026-02-22 22-44-40.mp4,False,0.038,0,5,36,0.399
C:\Users\jaysh\TapoVideos\Computer Camera\2026-02-22\2026-02-22 22-44-57.mp4,True,0.129,3,7,36,0.781
C:\Users\jaysh\TapoVideos\Computer Camera\2026-02-22\2026-02-22 22-45-18.mp4,True,0.156,3,40,111,0.907
C:\Users\jaysh\TapoVideos\Computer Camera\2026-02-22\2026-02-22 22-46-09.mp4,False,0.0,0,19,40,0.607
C:\Users\jaysh\TapoVideos\Computer Camera\2026-02-22\2026-02-22 22-46-26.mp4,True,0.205,4,58,103,0.911
C:\Users\jaysh\TapoVideos\Computer Camera\2026-02-22\2026-02-22 22-47-13.mp4,False,0.0,0,21,84,0.715
C:\Users\jaysh\TapoVideos\Computer Camera\2026-02-22\2026-02-22 22-47-53.mp4,False,0.049,0,11,32,0.573
C:\Users\jaysh\TapoVideos\Computer Camera\2026-02-22\2026-02-22 22-48-11.mp4,False,0.0,0,22,74,0.754
C:\Users\jaysh\TapoVideos\Computer Camera\2026-02-22\2026-02-22 22-48-58.mp4,False,0.0,0,3,42,0.667
C:\Users\jaysh\TapoVideos\Computer Camera\2026-02-22\2026-02-22 22-49-14.mp4,False,0.0,0,26,68,0.849
C:\Users\jaysh\TapoVideos\Computer Camera\2026-02-22\2026-02-22 22-49-59.mp4,False,0.0,0,27,72,0.778
C:\Users\jaysh\TapoVideos\Computer Camera\2026-02-22\2026-02-22 22-50-33.mp4,False,0.0,0,27,44,0.79
C:\Users\jaysh\TapoVideos\Computer Camera\2026-02-22\2026-02-22 22-51-02.mp4,False,0.0,0,17,36,0.505
C:\Users\jaysh\TapoVideos\Computer Camera\2026-02-22\2026-02-22 22-51-16.mp4,False,0.0,0,8,56,0.508
C:\Users\jaysh\TapoVideos\Computer Camera\2026-02-22\2026-02-22 22-51-43.mp4,False,0.02,0,13,48,0.865
C:\Users\jaysh\TapoVideos\Computer Camera\2026-02-22\2026-02-22 22-52-26.mp4,False,0.0,0,2,40,0.441
C:\Users\jaysh\TapoVideos\Computer Camera\2026-02-22\2026-02-22 22-53-46.mp4,False,0.0,0,5,40,0.361
C:\Users\jaysh\TapoVideos\Computer Camera\2026-02-22\2026-02-22 22-55-50.mp4,False,0.0,0,14,44,0.416
C:\Users\jaysh\TapoVideos\Computer Camera\2026-02-22\2026-02-22 22-56-45.mp4,True,0.73,6,15,44,0.822
C:\Users\jaysh\TapoVideos\Computer Camera\2026-02-22\2026-02-22 22-58-17.mp4,True,0.481,4,13,48,0.643
C:\Users\jaysh\TapoVideos\Computer Camera\2026-02-22\2026-02-22 22-58-46.mp4,False,0.0,0,11,56,0.748
C:\Users\jaysh\TapoVideos\Computer Camera\2026-02-22\2026-02-22 22-59-11.mp4,False,0.0,0,5,40,0.748
C:\Users\jaysh\TapoVideos\Computer Camera\2026-02-22\2026-02-22 23-01-11.mp4,True,0.111,3,14,72,0.769
C:\Users\jaysh\TapoVideos\Computer Camera\2026-02-22\2026-02-22 23-03-14.mp4,False,0.0,0,18,32,0.763
C:\Users\jaysh\TapoVideos\Computer Camera\2026-02-22\2026-02-22 23-03-26.mp4,False,0.0,0,7,36,0.619
C:\Users\jaysh\TapoVideos\Computer Camera\2026-02-22\2026-02-22 23-04-14.mp4,True,0.198,3,12,60,0.814
C:\Users\jaysh\TapoVideos\Computer Camera\2026-02-22\2026-02-22 23-06-25.mp4,True,0.083,2,6,44,0.809
C:\Users\jaysh\TapoVideos\Computer Camera\2026-02-22\2026-02-22 23-07-52.mp4,False,0.0,0,8,44,0.769
C:\Users\jaysh\TapoVideos\Computer Camera\2026-02-22\2026-02-22 23-08-16.mp4,False,0.0,0,3,36,0.693
C:\Users\jaysh\TapoVideos\Computer Camera\2026-02-22\2026-02-22 23-08-33.mp4,False,0.0,0,26,104,0.765
C:\Users\jaysh\TapoVideos\Computer Camera\2026-02-22\2026-02-22 23-09-56.mp4,True,0.071,3,6,36,0.405
C:\Users\jaysh\TapoVideos\Computer Camera\2026-02-22\2026-02-22 23-11-49.mp4,True,1.0,11,14,52,0.758
C:\Users\jaysh\TapoVideos\Computer Camera\2026-02-22\2026-02-22 23-15-27.mp4,True,1.0,5,9,84,0.798
C:\Users\jaysh\TapoVideos\Computer Camera\2026-02-22\2026-02-22 23-16-17.mp4,True,1.0,5,5,36,0.78
C:\Users\jaysh\TapoVideos\Computer Camera\2026-02-22\2026-02-22 23-16-48.mp4,True,1.0,2,2,40,0.439
C:\Users\jaysh\TapoVideos\Computer Camera\2026-02-22\2026-02-22 23-17-22.mp4,True,1.0,26,26,56,0.538
C:\Users\jaysh\TapoVideos\Computer Camera\2026-02-22\2026-02-22 23-17-46.mp4,True,1.0,14,14,36,0.69
C:\Users\jaysh\TapoVideos\Computer Camera\2026-02-22\2026-02-22 23-18-33.mp4,True,1.0,26,42,104,0.87
C:\Users\jaysh\TapoVideos\Computer Camera\2026-02-22\2026-02-22 23-24-59.mp4,False,0.0,0,5,36,0.56
C:\Users\jaysh\TapoVideos\Computer Camera\2026-02-22\2026-02-22 23-55-29.mp4,False,0.0,0,20,48,0.908
C:\Users\jaysh\TapoVideos\Computer Camera\2026-02-22\2026-02-22 23-55-59.mp4,False,0.016,0,6,40,0.647
C:\Users\jaysh\TapoVideos\Computer Camera\2026-02-22\2026-02-22 23-56-31.mp4,False,0.016,0,4,60,0.401
C:\Users\jaysh\TapoVideos\Computer Camera\2026-02-23\2026-02-23 02-56-10.mp4,False,0.0,0,4,40,0.599
C:\Users\jaysh\TapoVideos\Computer Camera\2026-02-23\2026-02-23 03-11-18.mp4,False,0.0,0,3,36,0.489
C:\Users\jaysh\TapoVideos\Computer Camera\2026-02-23\2026-02-23 12-46-42.mp4,False,0.0,0,3,36,0.623
C:\Users\jaysh\TapoVideos\Computer Camera\2026-02-23\2026-02-23 12-58-41.mp4,False,0.0,0,1,36,0.579
C:\Users\jaysh\TapoVideos\Computer Camera\2026-02-23\2026-02-23 13-55-17.mp4,False,0.0,0,6,40,0.686
C:\Users\jaysh\TapoVideos\Computer Camera\2026-02-23\2026-02-23 13-55-38.mp4,False,0.0,0,20,32,0.737
C:\Users\jaysh\TapoVideos\Computer Camera\2026-02-23\2026-02-23 13-55-49.mp4,False,0.0,0,12,40,0.884
C:\Users\jaysh\TapoVideos\Computer Camera\2026-02-23\2026-02-23 14-02-45.mp4,True,0.509,18,26,52,0.888
C:\Users\jaysh\TapoVideos\Computer Camera\2026-02-23\2026-02-23 14-03-14.mp4,True,0.371,7,8,40,0.68
C:\Users\jaysh\TapoVideos\Computer Camera\2026-02-23\2026-02-23 14-12-15.mp4,False,0.0,0,5,36,0.734
C:\Users\jaysh\TapoVideos\Computer Camera\2026-02-23\2026-02-23 14-18-11.mp4,False,0.0,0,4,76,0.787
C:\Users\jaysh\TapoVideos\Computer Camera\2026-02-23\2026-02-23 14-20-02.mp4,False,0.0,0,12,52,0.648
C:\Users\jaysh\TapoVideos\Computer Camera\2026-02-23\2026-02-23 14-48-30.mp4,True,0.139,1,2,36,0.665
C:\Users\jaysh\TapoVideos\Computer Camera\2026-02-23\2026-02-23 14-48-55.mp4,True,0.194,16,23,52,0.867
C:\Users\jaysh\TapoVideos\Computer Camera\2026-02-23\2026-02-23 14-49-27.mp4,True,0.722,26,26,32,0.649
C:\Users\jaysh\TapoVideos\Computer Camera\2026-02-23\2026-02-23 14-50-03.mp4,True,0.166,44,44,64,0.788
C:\Users\jaysh\TapoVideos\Computer Camera\2026-02-23\2026-02-23 14-50-33.mp4,True,0.137,34,42,100,0.738
C:\Users\jaysh\TapoVideos\Computer Camera\2026-02-23\2026-02-23 14-51-40.mp4,True,0.56,13,15,56,0.821
C:\Users\jaysh\TapoVideos\Computer Camera\2026-02-23\2026-02-23 14-52-07.mp4,True,0.434,7,41,244,0.906
C:\Users\jaysh\TapoVideos\Computer Camera\2026-02-23\2026-02-23 14-56-05.mp4,True,0.132,1,3,36,0.491
C:\Users\jaysh\TapoVideos\Computer Camera\2026-02-23\2026-02-23 14-56-59.mp4,False,0.044,0,2,52,0.504
C:\Users\jaysh\TapoVideos\Computer Camera\2026-02-23\2026-02-23 14-57-48.mp4,False,0.0,0,4,36,0.562
C:\Users\jaysh\TapoVideos\Computer Camera\2026-02-23\2026-02-23 14-58-39.mp4,False,0.0,0,1,36,0.639
C:\Users\jaysh\TapoVideos\Computer Camera\2026-02-23\2026-02-23 16-51-33.mp4,False,0.0,0,3,36,0.571
C:\Users\jaysh\TapoVideos\Computer Camera\2026-02-23\2026-02-23 16-52-47.mp4,False,0.044,0,6,36,0.62
C:\Users\jaysh\TapoVideos\Computer Camera\2026-02-23\2026-02-23 16-53-33.mp4,True,0.099,2,8,52,0.727
C:\Users\jaysh\TapoVideos\Computer Camera\2026-02-23\2026-02-23 17-16-22.mp4,False,0.0,0,1,32,0.594
C:\Users\jaysh\TapoVideos\Computer Camera\2026-02-23\2026-02-23 17-17-22.mp4,False,0.038,0,25,44,0.813
C:\Users\jaysh\TapoVideos\Computer Camera\2026-02-23\2026-02-23 17-17-40.mp4,True,0.05,1,15,32,0.685
C:\Users\jaysh\TapoVideos\Computer Camera\2026-02-23\2026-02-23 17-20-25.mp4,False,0.0,0,51,96,0.823
C:\Users\jaysh\TapoVideos\Computer Camera\2026-02-23\2026-02-23 17-21-14.mp4,False,0.0,0,8,32,0.559
C:\Users\jaysh\TapoVideos\Computer Camera\2026-02-23\2026-02-23 17-27-56.mp4,False,0.0,0,4,48,0.876
C:\Users\jaysh\TapoVideos\Computer Camera\2026-02-23\2026-02-23 17-29-08.mp4,True,0.095,2,9,44,0.671
C:\Users\jaysh\TapoVideos\Computer Camera\2026-02-23\2026-02-23 17-30-08.mp4,True,1.0,14,17,52,0.828
C:\Users\jaysh\TapoVideos\Computer Camera\2026-02-23\2026-02-23 17-31-02.mp4,False,0.0,0,3,36,0.624
C:\Users\jaysh\TapoVideos\Computer Camera\2026-02-23\2026-02-23 17-47-22.mp4,True,0.097,2,6,40,0.538
C:\Users\jaysh\TapoVideos\Computer Camera\2026-02-23\2026-02-23 18-03-08.mp4,False,0.0,0,1,32,0.523
C:\Users\jaysh\TapoVideos\Computer Camera\2026-02-23\2026-02-23 18-24-14.mp4,False,0.0,0,3,32,0.723
C:\Users\jaysh\TapoVideos\Computer Camera\2026-02-23\2026-02-23 18-25-16.mp4,False,0.025,0,5,40,0.669
C:\Users\jaysh\TapoVideos\Computer Camera\2026-02-23\2026-02-23 18-26-18.mp4,True,0.063,1,5,48,0.721
C:\Users\jaysh\TapoVideos\Computer Camera\2026-02-23\2026-02-23 20-05-52.mp4,False,0.0,0,5,32,0.596
C:\Users\jaysh\TapoVideos\Computer Camera\2026-02-23\2026-02-23 20-09-46.mp4,False,0.0,0,2,44,0.508
C:\Users\jaysh\TapoVideos\Computer Camera\2026-02-23\2026-02-23 20-12-05.mp4,False,0.0,0,14,36,0.568
C:\Users\jaysh\TapoVideos\Computer Camera\2026-02-23\2026-02-23 20-12-27.mp4,False,0.0,0,26,32,0.9
C:\Users\jaysh\TapoVideos\Computer Camera\2026-02-23\2026-02-23 20-12-57.mp4,False,0.0,0,1,32,0.458
C:\Users\jaysh\TapoVideos\Computer Camera\2026-02-23\2026-02-23 20-30-42.mp4,True,0.325,5,6,48,0.799
C:\Users\jaysh\TapoVideos\Computer Camera\2026-02-23\2026-02-23 20-31-03.mp4,True,0.157,2,3,50,0.799
C:\Users\jaysh\TapoVideos\Computer Camera\2026-02-23\2026-02-23 20-31-49.mp4,False,0.0,0,2,64,0.832
C:\Users\jaysh\TapoVideos\Computer Camera\2026-02-23\2026-02-23 20-32-22.mp4,True,0.828,10,44,164,0.754
C:\Users\jaysh\TapoVideos\Computer Camera\2026-02-23\2026-02-23 20-33-42.mp4,True,0.112,41,56,64,0.838
C:\Users\jaysh\TapoVideos\Computer Camera\2026-02-23\2026-02-23 20-34-22.mp4,True,0.122,7,7,32,0.771
C:\Users\jaysh\TapoVideos\Computer Camera\2026-02-23\2026-02-23 20-34-37.mp4,True,0.073,2,9,32,0.625
C:\Users\jaysh\TapoVideos\Computer Camera\2026-02-23\2026-02-23 20-35-11.mp4,True,1.0,24,48,80,0.818
C:\Users\jaysh\TapoVideos\Computer Camera\2026-02-23\2026-02-23 20-35-51.mp4,True,1.0,9,19,49,0.84
C:\Users\jaysh\TapoVideos\Computer Camera\2026-02-23\2026-02-23 20-36-11.mp4,True,1.0,18,18,72,0.828
C:\Users\jaysh\TapoVideos\Computer Camera\2026-02-23\2026-02-23 20-36-43.mp4,True,1.0,22,22,68,0.884
C:\Users\jaysh\TapoVideos\Computer Camera\2026-02-23\2026-02-23 20-37-13.mp4,True,1.0,3,3,32,0.43
C:\Users\jaysh\TapoVideos\Computer Camera\2026-02-23\2026-02-23 20-37-37.mp4,True,1.0,3,3,40,0.355
C:\Users\jaysh\TapoVideos\Computer Camera\2026-02-23\2026-02-23 20-38-32.mp4,True,1.0,17,17,32,0.722
C:\Users\jaysh\TapoVideos\Computer Camera\2026-02-23\2026-02-23 20-39-06.mp4,True,1.0,25,25,36,0.8
C:\Users\jaysh\TapoVideos\Computer Camera\2026-02-23\2026-02-23 20-39-20.mp4,True,1.0,9,9,64,0.714
C:\Users\jaysh\TapoVideos\Computer Camera\2026-02-23\2026-02-23 20-40-55.mp4,True,0.235,5,11,44,0.845
C:\Users\jaysh\TapoVideos\Computer Camera\2026-02-23\2026-02-23 21-06-50.mp4,False,0.0,0,6,72,0.669
C:\Users\jaysh\TapoVideos\Computer Camera\2026-02-23\2026-02-23 22-01-12.mp4,True,0.798,10,21,80,0.819
C:\Users\jaysh\TapoVideos\Computer Camera\2026-02-23\2026-02-23 22-05-09.mp4,False,0.0,0,9,48,0.726
C:\Users\jaysh\TapoVideos\Computer Camera\2026-02-23\2026-02-23 23-59-09.mp4,False,0.0,0,4,36,0.699
C:\Users\jaysh\TapoVideos\Computer Camera\2026-02-24\2026-02-24 00-19-05.mp4,False,0.0,0,20,48,0.81
C:\Users\jaysh\TapoVideos\Computer Camera\2026-02-24\2026-02-24 00-19-39.mp4,False,0.0,0,18,84,0.686
C:\Users\jaysh\TapoVideos\Computer Camera\2026-02-24\2026-02-24 00-20-45.mp4,True,0.842,19,40,136,0.79
C:\Users\jaysh\TapoVideos\Computer Camera\2026-02-24\2026-02-24 00-22-48.mp4,False,0.0,0,11,44,0.781
C:\Users\jaysh\TapoVideos\Computer Camera\2026-02-24\2026-02-24 00-23-48.mp4,True,1.0,15,17,100,0.786
C:\Users\jaysh\TapoVideos\Computer Camera\2026-02-24\2026-02-24 00-24-35.mp4,True,1.0,11,11,48,0.588
C:\Users\jaysh\TapoVideos\Computer Camera\2026-02-24\2026-02-24 00-25-13.mp4,True,1.0,13,13,40,0.598
C:\Users\jaysh\TapoVideos\Computer Camera\2026-02-24\2026-02-24 00-25-52.mp4,True,1.0,32,32,36,0.682
C:\Users\jaysh\TapoVideos\Computer Camera\2026-02-24\2026-02-24 00-26-15.mp4,True,1.0,27,27,32,0.747
C:\Users\jaysh\TapoVideos\Computer Camera\2026-02-24\2026-02-24 00-26-27.mp4,True,1.0,25,25,32,0.747
C:\Users\jaysh\TapoVideos\Computer Camera\2026-02-24\2026-02-24 00-26-42.mp4,True,1.0,11,12,52,0.66
C:\Users\jaysh\TapoVideos\Computer Camera\2026-02-24\2026-02-24 00-27-08.mp4,False,0.0,0,4,40,0.66
C:\Users\jaysh\TapoVideos\Computer Camera\2026-02-24\2026-02-24 00-27-40.mp4,False,0.0,0,3,48,0.775
C:\Users\jaysh\TapoVideos\Computer Camera\2026-02-24\2026-02-24 00-28-01.mp4,False,0.0,0,39,52,0.811
C:\Users\jaysh\TapoVideos\Computer Camera\2026-02-24\2026-02-24 00-28-24.mp4,False,0.0,0,63,72,0.838
C:\Users\jaysh\TapoVideos\Computer Camera\2026-02-24\2026-02-24 00-28-55.mp4,False,0.0,0,25,60,0.853
C:\Users\jaysh\TapoVideos\Computer Camera\2026-02-24\2026-02-24 00-40-17.mp4,True,0.118,2,6,44,0.848
C:\Users\jaysh\TapoVideos\Computer Camera\2026-02-24\2026-02-24 00-40-52.mp4,True,0.09,1,5,48,0.823
C:\Users\jaysh\TapoVideos\Computer Camera\2026-02-24\2026-02-24 00-41-15.mp4,True,1.0,5,9,112,0.772
C:\Users\jaysh\TapoVideos\Computer Camera\2026-02-24\2026-02-24 00-44-43.mp4,False,0.0,0,2,58,0.779
C:\Users\jaysh\TapoVideos\Computer Camera\2026-02-24\2026-02-24 00-45-07.mp4,False,0.003,0,9,60,0.77
C:\Users\jaysh\TapoVideos\Computer Camera\2026-02-24\2026-02-24 00-45-57.mp4,False,0.0,0,33,48,0.878
C:\Users\jaysh\TapoVideos\Computer Camera\2026-02-24\2026-02-24 00-46-20.mp4,False,0.038,0,7,48,0.872
C:\Users\jaysh\TapoVideos\Computer Camera\2026-02-24\2026-02-24 00-47-40.mp4,True,0.242,5,25,132,0.932
C:\Users\jaysh\TapoVideos\Computer Camera\2026-02-24\2026-02-24 01-07-41.mp4,True,0.23,4,8,48,0.881
C:\Users\jaysh\TapoVideos\Computer Camera\2026-02-24\2026-02-24 01-08-17.mp4,True,0.06,2,6,44,0.689
C:\Users\jaysh\TapoVideos\Computer Camera\2026-02-24\2026-02-24 01-13-54.mp4,False,0.0,0,4,40,0.516
C:\Users\jaysh\TapoVideos\Computer Camera\2026-02-24\2026-02-24 01-14-11.mp4,False,0.021,0,8,40,0.772
C:\Users\jaysh\TapoVideos\Computer Camera\2026-02-24\2026-02-24 01-14-43.mp4,True,0.198,21,30,80,0.839
C:\Users\jaysh\TapoVideos\Computer Camera\2026-02-24\2026-02-24 01-15-20.mp4,True,0.068,5,6,48,0.845
C:\Users\jaysh\TapoVideos\Computer Camera\2026-02-24\2026-02-24 01-17-30.mp4,False,0.0,0,1,48,0.813
C:\Users\jaysh\TapoVideos\Computer Camera\2026-02-24\2026-02-24 01-22-01.mp4,False,0.0,0,28,44,0.71
C:\Users\jaysh\TapoVideos\Computer Camera\2026-02-24\2026-02-24 01-22-20.mp4,False,0.0,0,10,32,0.691
C:\Users\jaysh\TapoVideos\Computer Camera\2026-02-24\2026-02-24 01-24-07.mp4,True,0.17,2,5,36,0.739
C:\Users\jaysh\TapoVideos\Computer Camera\2026-02-24\2026-02-24 01-37-47.mp4,False,0.0,0,1,52,0.721
C:\Users\jaysh\TapoVideos\Computer Camera\2026-02-24\2026-02-24 01-38-32.mp4,False,0.0,0,5,40,0.794
C:\Users\jaysh\TapoVideos\Computer Camera\2026-02-24\2026-02-24 10-12-38.mp4,False,0.048,0,9,34,0.715
C:\Users\jaysh\TapoVideos\Computer Camera\2026-02-24\2026-02-24 10-12-51.mp4,True,0.369,32,42,100,0.906
C:\Users\jaysh\TapoVideos\Computer Camera\2026-02-24\2026-02-24 10-14-43.mp4,False,0.0,0,3,36,0.511
C:\Users\jaysh\TapoVideos\Computer Camera\2026-02-24\2026-02-24 10-15-28.mp4,False,0.0,0,9,32,0.771
C:\Users\jaysh\TapoVideos\Computer Camera\2026-02-24\2026-02-24 10-16-07.mp4,True,0.488,17,24,56,0.871
C:\Users\jaysh\TapoVideos\Computer Camera\2026-02-24\2026-02-24 10-42-20.mp4,False,0.0,0,2,36,0.516
C:\Users\jaysh\TapoVideos\Computer Camera\2026-02-24\2026-02-24 13-24-21.mp4,False,0.0,0,1,35,0.387
C:\Users\jaysh\TapoVideos\Computer Camera\2026-02-24\2026-02-24 13-24-36.mp4,False,0.0,0,9,52,0.637
C:\Users\jaysh\TapoVideos\Computer Camera\2026-02-24\2026-02-24 14-18-19.mp4,False,0.0,0,4,36,0.628
C:\Users\jaysh\TapoVideos\Computer Camera\2026-02-24\2026-02-24 14-19-13.mp4,True,0.705,37,42,80,0.86
C:\Users\jaysh\TapoVideos\Computer Camera\2026-02-24\2026-02-24 14-33-50.mp4,False,0.0,0,1,32,0.556
C:\Users\jaysh\TapoVideos\Computer Camera\2026-02-24\2026-02-24 14-35-22.mp4,False,0.0,0,8,56,0.895
C:\Users\jaysh\TapoVideos\Computer Camera\2026-02-24\2026-02-24 14-36-54.mp4,False,0.0,0,1,40,0.667
C:\Users\jaysh\TapoVideos\Computer Camera\2026-02-24\2026-02-24 14-37-22.mp4,False,0.0,0,1,36,0.462
C:\Users\jaysh\TapoVideos\Computer Camera\2026-02-24\2026-02-24 14-38-11.mp4,True,1.0,4,42,196,0.899
C:\Users\jaysh\TapoVideos\Computer Camera\2026-02-24\2026-02-24 14-41-26.mp4,False,0.0,0,29,40,0.744
C:\Users\jaysh\TapoVideos\Computer Camera\2026-02-24\2026-02-24 14-41-47.mp4,False,0.0,0,10,36,0.769
C:\Users\jaysh\TapoVideos\Computer Camera\2026-02-24\2026-02-24 15-25-12.mp4,False,0.017,0,20,128,0.885
C:\Users\jaysh\TapoVideos\Computer Camera\2026-02-24\2026-02-24 15-26-18.mp4,False,0.0,0,1,132,0.387
C:\Users\jaysh\TapoVideos\Computer Camera\2026-02-24\2026-02-24 15-29-13.mp4,False,0.0,0,15,164,0.782
C:\Users\jaysh\TapoVideos\Computer Camera\2026-02-24\2026-02-24 15-30-48.mp4,False,0.0,0,3,44,0.579
C:\Users\jaysh\TapoVideos\Computer Camera\2026-02-24\2026-02-24 15-31-09.mp4,False,0.0,0,4,76,0.685
C:\Users\jaysh\TapoVideos\Computer Camera\2026-02-24\2026-02-24 15-31-48.mp4,False,0.012,0,17,52,0.796
C:\Users\jaysh\TapoVideos\Computer Camera\2026-02-24\2026-02-24 15-32-15.mp4,False,0.017,0,23,40,0.741
C:\Users\jaysh\TapoVideos\Computer Camera\2026-02-24\2026-02-24 15-33-40.mp4,False,0.03,0,4,176,0.51
C:\Users\jaysh\TapoVideos\Computer Camera\2026-02-24\2026-02-24 15-35-05.mp4,False,0.0,0,4,80,0.736
C:\Users\jaysh\TapoVideos\Computer Camera\2026-02-24\2026-02-24 15-47-15.mp4,False,0.0,0,1,36,0.615
C:\Users\jaysh\TapoVideos\Computer Camera\2026-02-24\2026-02-24 15-47-30.mp4,False,0.0,0,2,36,0.615
C:\Users\jaysh\TapoVideos\Computer Camera\2026-02-24\2026-02-24 15-48-34.mp4,False,0.028,0,3,68,0.768
C:\Users\jaysh\TapoVideos\Computer Camera\2026-02-24\2026-02-24 15-49-27.mp4,False,0.0,0,1,36,0.482
C:\Users\jaysh\TapoVideos\Computer Camera\2026-02-24\2026-02-24 15-51-21.mp4,True,1.0,23,25,84,0.859
C:\Users\jaysh\TapoVideos\Computer Camera\2026-02-24\2026-02-24 15-53-16.mp4,True,1.0,24,31,104,0.946
C:\Users\jaysh\TapoVideos\Computer Camera\2026-02-24\2026-02-24 16-23-22.mp4,False,0.005,0,28,40,0.776
C:\Users\jaysh\TapoVideos\Computer Camera\2026-02-24\2026-02-24 16-23-39.mp4,False,0.0,0,30,96,0.76
C:\Users\jaysh\TapoVideos\Computer Camera\2026-02-24\2026-02-24 16-24-32.mp4,True,0.103,3,29,60,0.886
C:\Users\jaysh\TapoVideos\Computer Camera\2026-02-24\2026-02-24 16-25-14.mp4,True,0.086,1,10,40,0.788
C:\Users\jaysh\TapoVideos\Computer Camera\2026-02-24\2026-02-24 16-39-21.mp4,False,0.0,0,2,60,0.538
C:\Users\jaysh\TapoVideos\Computer Camera\2026-02-24\2026-02-24 16-51-45.mp4,False,0.026,0,18,60,0.876
C:\Users\jaysh\TapoVideos\Computer Camera\2026-02-24\2026-02-24 16-53-05.mp4,False,0.0,0,35,68,0.904
C:\Users\jaysh\TapoVideos\Computer Camera\2026-02-24\2026-02-24 16-53-40.mp4,True,0.083,19,28,32,0.88
C:\Users\jaysh\TapoVideos\Computer Camera\2026-02-24\2026-02-24 16-53-56.mp4,True,0.106,12,24,60,0.867
C:\Users\jaysh\TapoVideos\Computer Camera\2026-02-24\2026-02-24 17-00-28.mp4,False,0.0,0,2,72,0.648
C:\Users\jaysh\TapoVideos\Computer Camera\2026-02-24\2026-02-24 17-01-21.mp4,False,0.0,0,27,52,0.82
C:\Users\jaysh\TapoVideos\Computer Camera\2026-02-24\2026-02-24 17-01-45.mp4,False,0.045,0,2,40,0.477
C:\Users\jaysh\TapoVideos\Computer Camera\2026-02-24\2026-02-24 17-02-05.mp4,True,0.097,3,38,76,0.9
C:\Users\jaysh\TapoVideos\Computer Camera\2026-02-24\2026-02-24 17-47-28.mp4,False,0.0,0,40,76,0.884
C:\Users\jaysh\TapoVideos\Computer Camera\2026-02-24\2026-02-24 17-48-52.mp4,False,0.0,0,17,72,0.624
C:\Users\jaysh\TapoVideos\Computer Camera\2026-02-24\2026-02-24 17-49-28.mp4,False,0.0,0,19,48,0.834
C:\Users\jaysh\TapoVideos\Computer Camera\2026-02-24\2026-02-24 17-51-34.mp4,False,0.0,0,12,32,0.809
C:\Users\jaysh\TapoVideos\Computer Camera\2026-02-24\2026-02-24 17-52-52.mp4,False,0.036,0,31,100,0.706
C:\Users\jaysh\TapoVideos\Computer Camera\2026-02-24\2026-02-24 17-53-38.mp4,False,0.0,0,34,64,0.914
C:\Users\jaysh\TapoVideos\Computer Camera\2026-02-24\2026-02-24 17-54-31.mp4,True,0.181,16,22,116,0.818
C:\Users\jaysh\TapoVideos\Computer Camera\2026-02-24\2026-02-24 17-56-45.mp4,False,0.0,0,2,36,0.454
C:\Users\jaysh\TapoVideos\Computer Camera\2026-02-24\2026-02-24 17-57-00.mp4,True,1.0,12,140,178,0.872
C:\Users\jaysh\TapoVideos\Computer Camera\2026-02-24\2026-02-24 17-58-23.mp4,False,0.0,0,38,40,0.866
C:\Users\jaysh\TapoVideos\Computer Camera\2026-02-24\2026-02-24 17-59-51.mp4,False,0.0,0,25,32,0.572
C:\Users\jaysh\TapoVideos\Computer Camera\2026-02-24\2026-02-24 18-00-08.mp4,False,0.0,0,22,32,0.587
C:\Users\jaysh\TapoVideos\Computer Camera\2026-02-24\2026-02-24 18-00-21.mp4,False,0.0,0,45,72,0.587
C:\Users\jaysh\TapoVideos\Computer Camera\2026-02-24\2026-02-24 18-00-52.mp4,False,0.0,0,23,36,0.682
C:\Users\jaysh\TapoVideos\Computer Camera\2026-02-24\2026-02-24 18-01-28.mp4,False,0.0,0,71,123,0.798
C:\Users\jaysh\TapoVideos\Computer Camera\2026-02-24\2026-02-24 18-02-26.mp4,False,0.0,0,23,72,0.805
C:\Users\jaysh\TapoVideos\Computer Camera\2026-02-24\2026-02-24 18-04-43.mp4,False,0.0,0,15,48,0.786
C:\Users\jaysh\TapoVideos\Computer Camera\2026-02-24\2026-02-24 18-05-21.mp4,False,0.0,0,32,52,0.713
C:\Users\jaysh\TapoVideos\Computer Camera\2026-02-24\2026-02-24 18-05-42.mp4,False,0.0,0,17,44,0.802
C:\Users\jaysh\TapoVideos\Computer Camera\2026-02-24\2026-02-24 19-18-51.mp4,True,0.097,1,4,36,0.749
C:\Users\jaysh\TapoVideos\Computer Camera\2026-02-24\2026-02-24 19-20-13.mp4,False,0.019,0,5,44,0.433
C:\Users\jaysh\TapoVideos\Computer Camera\2026-02-24\2026-02-24 19-20-32.mp4,False,0.039,0,7,44,0.62
C:\Users\jaysh\TapoVideos\Computer Camera\2026-02-24\2026-02-24 19-21-02.mp4,True,0.099,5,12,40,0.751
C:\Users\jaysh\TapoVideos\Computer Camera\2026-02-24\2026-02-24 19-30-40.mp4,True,1.0,16,21,116,0.808
C:\Users\jaysh\TapoVideos\Computer Camera\2026-02-24\2026-02-24 19-31-33.mp4,True,1.0,9,9,44,0.685
C:\Users\jaysh\TapoVideos\Computer Camera\2026-02-24\2026-02-24 19-31-53.mp4,True,1.0,14,14,36,0.783
C:\Users\jaysh\TapoVideos\Computer Camera\2026-02-24\2026-02-24 19-32-25.mp4,True,1.0,17,17,32,0.543
C:\Users\jaysh\TapoVideos\Computer Camera\2026-02-24\2026-02-24 19-33-33.mp4,True,1.0,36,38,92,0.805
C:\Users\jaysh\TapoVideos\Computer Camera\2026-02-24\2026-02-24 19-35-13.mp4,False,0.0,0,18,52,0.744
C:\Users\jaysh\TapoVideos\Computer Camera\2026-02-24\2026-02-24 19-40-33.mp4,False,0.0,0,16,36,0.653
C:\Users\jaysh\TapoVideos\Computer Camera\2026-02-24\2026-02-24 19-40-54.mp4,False,0.0,0,21,44,0.74
C:\Users\jaysh\TapoVideos\Computer Camera\2026-02-24\2026-02-24 20-09-03.mp4,True,0.098,2,4,40,0.669
C:\Users\jaysh\TapoVideos\Computer Camera\2026-02-24\2026-02-24 20-10-03.mp4,True,0.154,4,9,60,0.807
C:\Users\jaysh\TapoVideos\Computer Camera\2026-02-24\2026-02-24 20-11-12.mp4,True,0.2,6,11,67,0.638
C:\Users\jaysh\TapoVideos\Computer Camera\2026-02-24\2026-02-24 20-12-30.mp4,False,0.0,0,2,36,0.648
C:\Users\jaysh\TapoVideos\Computer Camera\2026-02-24\2026-02-24 20-13-28.mp4,True,0.132,1,12,68,0.809
C:\Users\jaysh\TapoVideos\Computer Camera\2026-02-24\2026-02-24 20-14-12.mp4,True,0.1,1,3,36,0.62
C:\Users\jaysh\TapoVideos\Computer Camera\2026-02-24\2026-02-24 20-14-46.mp4,True,0.117,1,3,40,0.791
C:\Users\jaysh\TapoVideos\Computer Camera\2026-02-24\2026-02-24 20-15-32.mp4,True,0.069,1,2,36,0.43
C:\Users\jaysh\TapoVideos\Computer Camera\2026-02-24\2026-02-24 20-36-27.mp4,False,0.0,0,5,40,0.659
C:\Users\jaysh\TapoVideos\Computer Camera\2026-02-24\2026-02-24 20-43-53.mp4,False,0.0,0,16,55,0.805
C:\Users\jaysh\TapoVideos\Computer Camera\2026-02-24\2026-02-24 20-44-41.mp4,False,0.0,0,26,53,0.865
C:\Users\jaysh\TapoVideos\Computer Camera\2026-02-24\2026-02-24 20-45-10.mp4,False,0.0,0,12,32,0.49
C:\Users\jaysh\TapoVideos\Computer Camera\2026-02-24\2026-02-24 20-45-31.mp4,True,0.184,16,40,128,0.824
C:\Users\jaysh\TapoVideos\Computer Camera\2026-02-24\2026-02-24 22-00-28.mp4,False,0.0,0,2,40,0.415
C:\Users\jaysh\TapoVideos\Computer Camera\2026-02-24\2026-02-24 23-01-14.mp4,False,0.0,0,8,44,0.71
C:\Users\jaysh\TapoVideos\Computer Camera\2026-02-24\2026-02-24 23-03-56.mp4,True,0.401,9,13,52,0.873
C:\Users\jaysh\TapoVideos\Computer Camera\2026-02-24\2026-02-24 23-07-30.mp4,True,0.724,2,20,60,0.817
C:\Users\jaysh\TapoVideos\Computer Camera\2026-02-24\2026-02-24 23-08-01.mp4,True,0.697,4,40,132,0.745
C:\Users\jaysh\TapoVideos\Computer Camera\2026-02-24\2026-02-24 23-09-11.mp4,True,1.0,12,20,72,0.766
C:\Users\jaysh\TapoVideos\Computer Camera\2026-02-24\2026-02-24 23-11-52.mp4,False,0.0,0,4,32,0.497
C:\Users\jaysh\TapoVideos\Computer Camera\2026-02-24\2026-02-24 23-18-59.mp4,False,0.0,0,1,32,0.416
C:\Users\jaysh\TapoVideos\Computer Camera\2026-02-24\2026-02-24 23-19-34.mp4,False,0.0,0,8,35,0.793
C:\Users\jaysh\TapoVideos\Computer Camera\2026-02-24\2026-02-24 23-19-49.mp4,True,0.101,18,20,39,0.642
C:\Users\jaysh\TapoVideos\Computer Camera\2026-02-24\2026-02-24 23-20-05.mp4,True,0.101,5,9,36,0.788
C:\Users\jaysh\TapoVideos\Computer Camera\2026-02-24\2026-02-24 23-20-46.mp4,True,0.134,2,7,40,0.625
C:\Users\jaysh\TapoVideos\Computer Camera\2026-02-24\2026-02-24 23-21-06.mp4,False,0.042,0,8,36,0.484
C:\Users\jaysh\TapoVideos\Computer Camera\2026-02-24\2026-02-24 23-21-22.mp4,False,0.039,0,6,36,0.767
C:\Users\jaysh\TapoVideos\Computer Camera\2026-02-24\2026-02-24 23-23-27.mp4,False,0.0,0,6,36,0.605
C:\Users\jaysh\TapoVideos\Computer Camera\2026-02-24\2026-02-24 23-24-04.mp4,True,1.0,17,28,56,0.835
C:\Users\jaysh\TapoVideos\Computer Camera\2026-02-24\2026-02-24 23-24-49.mp4,True,0.055,1,7,40,0.665
C:\Users\jaysh\TapoVideos\Computer Camera\2026-02-24\2026-02-24 23-25-40.mp4,False,0.0,0,18,60,0.685
C:\Users\jaysh\TapoVideos\Computer Camera\2026-02-24\2026-02-24 23-26-36.mp4,False,0.0,0,5,36,0.715
C:\Users\jaysh\TapoVideos\Computer Camera\2026-02-24\2026-02-24 23-37-53.mp4,False,0.0,0,1,36,0.621
C:\Users\jaysh\TapoVideos\Computer Camera\2026-02-24\2026-02-24 23-39-06.mp4,False,0.0,0,1,32,0.681
C:\Users\jaysh\TapoVideos\Computer Camera\2026-02-24\2026-02-24 23-56-00.mp4,False,0.0,0,7,40,0.666
C:\Users\jaysh\TapoVideos\Computer Camera\2026-02-25\2026-02-25 00-00-32.mp4,True,0.323,11,20,64,0.859
C:\Users\jaysh\TapoVideos\Computer Camera\2026-02-25\2026-02-25 00-01-35.mp4,False,0.0,0,12,36,0.711
C:\Users\jaysh\TapoVideos\Computer Camera\2026-02-25\2026-02-25 00-02-43.mp4,True,1.0,6,31,44,0.765
C:\Users\jaysh\TapoVideos\Computer Camera\2026-02-25\2026-02-25 00-03-24.mp4,False,0.0,0,16,36,0.674
C:\Users\jaysh\TapoVideos\Computer Camera\2026-02-25\2026-02-25 00-11-54.mp4,True,1.0,10,52,76,0.897
C:\Users\jaysh\TapoVideos\Computer Camera\2026-02-25\2026-02-25 00-18-56.mp4,True,1.0,7,9,92,0.741
C:\Users\jaysh\TapoVideos\Computer Camera\2026-02-25\2026-02-25 00-20-46.mp4,True,1.0,1,1,32,0.366
C:\Users\jaysh\TapoVideos\Computer Camera\2026-02-25\2026-02-25 00-21-42.mp4,True,1.0,14,14,68,0.814
C:\Users\jaysh\TapoVideos\Computer Camera\2026-02-25\2026-02-25 00-22-14.mp4,True,0.445,3,4,56,0.819
C:\Users\jaysh\TapoVideos\Computer Camera\2026-02-25\2026-02-25 00-25-32.mp4,False,0.0,0,7,36,0.661
C:\Users\jaysh\TapoVideos\Computer Camera\2026-02-25\2026-02-25 00-26-00.mp4,True,1.0,2,4,40,0.835
C:\Users\jaysh\TapoVideos\Computer Camera\2026-02-25\2026-02-25 00-26-24.mp4,True,1.0,2,3,44,0.403
C:\Users\jaysh\TapoVideos\Computer Camera\2026-02-25\2026-02-25 00-28-41.mp4,False,0.047,0,5,60,0.828
C:\Users\jaysh\TapoVideos\Computer Camera\2026-02-25\2026-02-25 00-29-38.mp4,True,0.616,21,22,36,0.758
C:\Users\jaysh\TapoVideos\Computer Camera\2026-02-25\2026-02-25 00-30-03.mp4,True,0.366,7,9,40,0.691
C:\Users\jaysh\TapoVideos\Computer Camera\2026-02-25\2026-02-25 10-22-00.mp4,True,0.311,7,12,48,0.825
C:\Users\jaysh\TapoVideos\Computer Camera\2026-02-25\2026-02-25 10-50-50.mp4,True,0.561,14,19,56,0.886
C:\Users\jaysh\TapoVideos\Computer Camera\2026-02-25\2026-02-25 12-22-11.mp4,False,0.0,0,6,44,0.815
C:\Users\jaysh\TapoVideos\Computer Camera\2026-02-25\2026-02-25 12-52-16.mp4,True,1.0,31,47,180,0.905
C:\Users\jaysh\TapoVideos\Computer Camera\2026-02-25\2026-02-25 12-53-49.mp4,True,0.105,19,26,64,0.846
C:\Users\jaysh\TapoVideos\Computer Camera\2026-02-25\2026-02-25 12-54-33.mp4,True,0.094,1,3,84,0.647
C:\Users\jaysh\TapoVideos\Computer Camera\2026-02-25\2026-02-25 12-55-11.mp4,False,0.0,0,19,48,0.656
C:\Users\jaysh\TapoVideos\Computer Camera\2026-02-25\2026-02-25 12-56-04.mp4,False,0.034,0,3,32,0.564
C:\Users\jaysh\TapoVideos\Computer Camera\2026-02-25\2026-02-25 12-56-22.mp4,True,0.112,2,3,36,0.681
C:\Users\jaysh\TapoVideos\Computer Camera\2026-02-25\2026-02-25 12-56-52.mp4,True,0.173,1,1,31,0.749
C:\Users\jaysh\TapoVideos\Computer Camera\2026-02-25\2026-02-25 12-57-04.mp4,True,0.173,3,8,36,0.854
C:\Users\jaysh\TapoVideos\Computer Camera\2026-02-25\2026-02-25 12-57-18.mp4,True,0.26,3,14,52,0.853
C:\Users\jaysh\TapoVideos\Computer Camera\2026-02-25\2026-02-25 12-57-48.mp4,True,1.0,42,53,88,0.927
C:\Users\jaysh\TapoVideos\Computer Camera\2026-02-25\2026-02-25 13-01-20.mp4,True,0.997,17,17,64,0.873
C:\Users\jaysh\TapoVideos\Computer Camera\2026-02-25\2026-02-25 13-01-52.mp4,True,1.0,4,4,36,0.479
C:\Users\jaysh\TapoVideos\Computer Camera\2026-02-25\2026-02-25 13-02-58.mp4,True,1.0,92,92,124,0.949
C:\Users\jaysh\TapoVideos\Computer Camera\2026-02-25\2026-02-25 13-03-58.mp4,True,0.844,13,13,32,0.739
C:\Users\jaysh\TapoVideos\Computer Camera\2026-02-25\2026-02-25 13-04-16.mp4,True,0.82,11,14,44,0.919
C:\Users\jaysh\TapoVideos\Computer Camera\2026-02-25\2026-02-25 13-16-37.mp4,False,0.0,0,3,48,0.758
C:\Users\jaysh\TapoVideos\Computer Camera\2026-02-25\2026-02-25 13-19-22.mp4,False,0.024,0,6,44,0.772
C:\Users\jaysh\TapoVideos\Computer Camera\2026-02-25\2026-02-25 13-21-04.mp4,False,0.014,0,9,72,0.87
C:\Users\jaysh\TapoVideos\Computer Camera\2026-02-25\2026-02-25 13-22-09.mp4,False,0.0,0,3,52,0.715
C:\Users\jaysh\TapoVideos\Computer Camera\2026-02-25\2026-02-25 13-23-01.mp4,False,0.039,0,23,40,0.826
C:\Users\jaysh\TapoVideos\Computer Camera\2026-02-25\2026-02-25 13-23-21.mp4,True,0.066,42,42,56,0.895
C:\Users\jaysh\TapoVideos\Computer Camera\2026-02-25\2026-02-25 15-44-19.mp4,False,0.0,0,6,36,0.655
C:\Users\jaysh\TapoVideos\Computer Camera\2026-02-25\2026-02-25 15-44-52.mp4,False,0.004,0,3,36,0.626
C:\Users\jaysh\TapoVideos\Computer Camera\2026-02-25\2026-02-25 15-45-12.mp4,False,0.004,0,7,36,0.559
C:\Users\jaysh\TapoVideos\Computer Camera\2026-02-25\2026-02-25 15-48-20.mp4,False,0.022,0,40,120,0.891
C:\Users\jaysh\TapoVideos\Computer Camera\2026-02-25\2026-02-25 15-50-44.mp4,True,0.172,12,17,48,0.828
C:\Users\jaysh\TapoVideos\Computer Camera\2026-02-25\2026-02-25 15-51-07.mp4,True,0.172,11,11,36,0.893
C:\Users\jaysh\TapoVideos\Computer Camera\2026-02-25\2026-02-25 15-51-33.mp4,True,0.141,8,8,40,0.602
C:\Users\jaysh\TapoVideos\Computer Camera\2026-02-25\2026-02-25 15-51-55.mp4,True,0.185,3,39,160,0.811
C:\Users\jaysh\TapoVideos\Computer Camera\2026-02-25\2026-02-25 15-53-18.mp4,False,0.039,0,26,64,0.661
C:\Users\jaysh\TapoVideos\Computer Camera\2026-02-25\2026-02-25 15-53-50.mp4,True,0.054,8,32,84,0.892
C:\Users\jaysh\TapoVideos\Computer Camera\2026-02-25\2026-02-25 15-54-33.mp4,True,0.16,137,140,140,0.911
C:\Users\jaysh\TapoVideos\Computer Camera\2026-02-25\2026-02-25 15-55-45.mp4,True,0.149,19,19,48,0.9
C:\Users\jaysh\TapoVideos\Computer Camera\2026-02-25\2026-02-25 15-57-18.mp4,False,0.0,0,23,36,0.687
C:\Users\jaysh\TapoVideos\Computer Camera\2026-02-25\2026-02-25 15-57-37.mp4,True,0.077,1,11,36,0.592
C:\Users\jaysh\TapoVideos\Computer Camera\2026-02-25\2026-02-25 15-59-46.mp4,True,0.1,1,7,40,0.602
C:\Users\jaysh\TapoVideos\Computer Camera\2026-02-25\2026-02-25 16-00-05.mp4,False,0.0,0,9,136,0.548
C:\Users\jaysh\TapoVideos\Computer Camera\2026-02-25\2026-02-25 16-02-09.mp4,True,0.176,35,36,84,0.753
C:\Users\jaysh\TapoVideos\Computer Camera\2026-02-25\2026-02-25 16-03-22.mp4,True,0.123,3,131,272,0.93
C:\Users\jaysh\TapoVideos\Computer Camera\2026-02-25\2026-02-25 16-05-37.mp4,True,0.095,9,12,74,0.636
C:\Users\jaysh\TapoVideos\Computer Camera\2026-02-25\2026-02-25 16-06-10.mp4,True,0.079,13,13,32,0.753
C:\Users\jaysh\TapoVideos\Computer Camera\2026-02-25\2026-02-25 16-06-25.mp4,True,0.08,65,69,144,0.845
C:\Users\jaysh\TapoVideos\Computer Camera\2026-02-25\2026-02-25 16-08-19.mp4,True,0.066,4,68,107,0.85
C:\Users\jaysh\TapoVideos\Computer Camera\2026-02-25\2026-02-25 16-09-07.mp4,True,0.064,5,42,92,0.896
C:\Users\jaysh\TapoVideos\Computer Camera\2026-02-25\2026-02-25 16-15-47.mp4,False,0.0,0,39,56,0.785
C:\Users\jaysh\TapoVideos\Computer Camera\2026-02-25\2026-02-25 16-16-14.mp4,False,0.0,0,26,36,0.706
C:\Users\jaysh\TapoVideos\Computer Camera\2026-02-25\2026-02-25 16-16-32.mp4,False,0.0,0,28,32,0.746
C:\Users\jaysh\TapoVideos\Computer Camera\2026-02-25\2026-02-25 16-17-12.mp4,False,0.0,0,19,55,0.834
C:\Users\jaysh\TapoVideos\Computer Camera\2026-02-25\2026-02-25 16-19-46.mp4,False,0.033,0,27,32,0.88
C:\Users\jaysh\TapoVideos\Computer Camera\2026-02-25\2026-02-25 16-20-27.mp4,False,0.022,0,10,36,0.8
C:\Users\jaysh\TapoVideos\Computer Camera\2026-02-25\2026-02-25 16-21-32.mp4,False,0.0,0,42,72,0.882
C:\Users\jaysh\TapoVideos\Computer Camera\2026-02-25\2026-02-25 16-23-05.mp4,False,0.045,0,9,60,0.654
C:\Users\jaysh\TapoVideos\Computer Camera\2026-02-25\2026-02-25 16-23-32.mp4,True,0.092,3,9,36,0.884
C:\Users\jaysh\TapoVideos\Computer Camera\2026-02-25\2026-02-25 16-23-47.mp4,False,0.0,0,10,48,0.746
C:\Users\jaysh\TapoVideos\Computer Camera\2026-02-25\2026-02-25 16-24-57.mp4,False,0.0,0,1,40,0.356
C:\Users\jaysh\TapoVideos\Computer Camera\2026-02-25\2026-02-25 16-25-35.mp4,False,0.0,0,1,36,0.535
C:\Users\jaysh\TapoVideos\Computer Camera\2026-02-25\2026-02-25 16-25-55.mp4,True,0.462,4,31,140,0.823
C:\Users\jaysh\TapoVideos\Computer Camera\2026-02-25\2026-02-25 16-27-50.mp4,False,0.039,0,8,60,0.735
C:\Users\jaysh\TapoVideos\Computer Camera\2026-02-25\2026-02-25 16-28-24.mp4,False,0.005,0,5,48,0.654
C:\Users\jaysh\TapoVideos\Computer Camera\2026-02-25\2026-02-25 16-28-50.mp4,True,0.444,9,18,212,0.723
C:\Users\jaysh\TapoVideos\Computer Camera\2026-02-25\2026-02-25 17-21-52.mp4,True,1.0,9,76,124,0.852
C:\Users\jaysh\TapoVideos\Computer Camera\2026-02-25\2026-02-25 17-22-53.mp4,False,0.0,0,44,44,0.767
C:\Users\jaysh\TapoVideos\Computer Camera\2026-02-25\2026-02-25 17-23-30.mp4,True,1.0,50,203,300,0.932
C:\Users\jaysh\TapoVideos\Computer Camera\2026-02-25\2026-02-25 17-26-02.mp4,False,0.0,0,39,40,0.917
C:\Users\jaysh\TapoVideos\Computer Camera\2026-02-25\2026-02-25 17-26-36.mp4,False,0.0,0,50,56,0.843
C:\Users\jaysh\TapoVideos\Computer Camera\2026-02-25\2026-02-25 17-27-37.mp4,True,0.833,3,11,51,0.856
C:\Users\jaysh\TapoVideos\Computer Camera\2026-02-25\2026-02-25 17-28-26.mp4,True,1.0,35,36,112,0.931
C:\Users\jaysh\TapoVideos\Computer Camera\2026-02-25\2026-02-25 17-29-23.mp4,True,0.62,80,80,80,0.951
C:\Users\jaysh\TapoVideos\Computer Camera\2026-02-25\2026-02-25 17-30-05.mp4,True,0.486,17,24,44,0.929
C:\Users\jaysh\TapoVideos\Computer Camera\2026-02-25\2026-02-25 18-24-26.mp4,False,0.0,0,2,32,0.398
C:\Users\jaysh\TapoVideos\Computer Camera\2026-02-25\2026-02-25 18-25-10.mp4,False,0.0,0,2,40,0.497
C:\Users\jaysh\TapoVideos\Computer Camera\2026-02-25\2026-02-25 18-25-31.mp4,False,0.0,0,9,32,0.813
C:\Users\jaysh\TapoVideos\Computer Camera\2026-02-25\2026-02-25 18-25-43.mp4,False,0.0,0,11,32,0.808
C:\Users\jaysh\TapoVideos\Computer Camera\2026-02-25\2026-02-25 18-25-58.mp4,False,0.017,0,27,80,0.864
C:\Users\jaysh\TapoVideos\Computer Camera\2026-02-25\2026-02-25 18-26-52.mp4,False,0.022,0,20,44,0.804
C:\Users\jaysh\TapoVideos\Computer Camera\2026-02-25\2026-02-25 18-27-26.mp4,False,0.021,0,20,36,0.79
C:\Users\jaysh\TapoVideos\Computer Camera\2026-02-25\2026-02-25 18-27-42.mp4,True,1.0,30,49,172,0.911
C:\Users\jaysh\TapoVideos\Computer Camera\2026-02-25\2026-02-25 18-29-05.mp4,False,0.002,0,1,48,0.737
C:\Users\jaysh\TapoVideos\Computer Camera\2026-02-25\2026-02-25 18-29-54.mp4,True,1.0,29,37,112,0.858
C:\Users\jaysh\TapoVideos\Computer Camera\2026-02-25\2026-02-25 18-30-53.mp4,True,0.225,17,27,170,0.88
C:\Users\jaysh\TapoVideos\Computer Camera\2026-02-25\2026-02-25 18-34-49.mp4,False,0.0,0,1,28,0.53
C:\Users\jaysh\TapoVideos\Computer Camera\2026-02-25\2026-02-25 18-35-23.mp4,True,0.956,20,31,77,0.909
C:\Users\jaysh\TapoVideos\Computer Camera\2026-02-25\2026-02-25 18-36-02.mp4,False,0.019,0,17,32,0.773
C:\Users\jaysh\TapoVideos\Computer Camera\2026-02-25\2026-02-25 18-40-37.mp4,True,0.065,22,42,92,0.796
C:\Users\jaysh\TapoVideos\Computer Camera\2026-02-25\2026-02-25 18-41-24.mp4,True,0.09,7,19,52,0.873
C:\Users\jaysh\TapoVideos\Computer Camera\2026-02-25\2026-02-25 18-41-48.mp4,False,0.0,0,2,32,0.871
C:\Users\jaysh\TapoVideos\Computer Camera\2026-02-25\2026-02-25 19-07-18.mp4,False,0.0,0,5,32,0.578
C:\Users\jaysh\TapoVideos\Computer Camera\2026-02-25\2026-02-25 19-08-02.mp4,False,0.04,0,14,56,0.724
C:\Users\jaysh\TapoVideos\Computer Camera\2026-02-25\2026-02-25 19-12-19.mp4,True,1.0,3,6,36,0.9
C:\Users\jaysh\TapoVideos\Computer Camera\2026-02-25\2026-02-25 19-19-07.mp4,False,0.045,0,15,52,0.811
C:\Users\jaysh\TapoVideos\Computer Camera\2026-02-25\2026-02-25 19-20-55.mp4,False,0.0,0,14,32,0.809
C:\Users\jaysh\TapoVideos\Computer Camera\2026-02-25\2026-02-25 19-21-10.mp4,False,0.0,0,10,40,0.727
C:\Users\jaysh\TapoVideos\Computer Camera\2026-02-25\2026-02-25 19-21-31.mp4,True,1.0,15,25,56,0.882
C:\Users\jaysh\TapoVideos\Computer Camera\2026-02-25\2026-02-25 19-21-59.mp4,False,0.0,0,2,36,0.803
C:\Users\jaysh\TapoVideos\Computer Camera\2026-02-25\2026-02-25 19-25-09.mp4,False,0.0,0,13,48,0.712
C:\Users\jaysh\TapoVideos\Computer Camera\2026-02-25\2026-02-25 19-25-39.mp4,False,0.0,0,4,28,0.766
C:\Users\jaysh\TapoVideos\Computer Camera\2026-02-25\2026-02-25 19-26-43.mp4,True,0.1,3,10,96,0.803
C:\Users\jaysh\TapoVideos\Computer Camera\2026-02-25\2026-02-25 19-33-59.mp4,True,0.557,26,51,72,0.847
C:\Users\jaysh\TapoVideos\Computer Camera\2026-02-25\2026-02-25 19-34-36.mp4,False,0.0,0,10,56,0.879
C:\Users\jaysh\TapoVideos\Computer Camera\2026-02-25\2026-02-25 19-35-04.mp4,False,0.0,0,4,32,0.672
C:\Users\jaysh\TapoVideos\Computer Camera\2026-02-25\2026-02-25 19-35-19.mp4,False,0.0,0,57,172,0.872
C:\Users\jaysh\TapoVideos\Computer Camera\2026-02-25\2026-02-25 19-36-53.mp4,False,0.0,0,36,36,0.84
C:\Users\jaysh\TapoVideos\Computer Camera\2026-02-25\2026-02-25 19-37-44.mp4,False,0.0,0,32,36,0.87
C:\Users\jaysh\TapoVideos\Computer Camera\2026-02-25\2026-02-25 19-37-59.mp4,False,0.0,0,19,52,0.871
C:\Users\jaysh\TapoVideos\Computer Camera\2026-02-25\2026-02-25 20-18-37.mp4,False,0.034,0,1,60,0.429
C:\Users\jaysh\TapoVideos\Computer Camera\2026-02-25\2026-02-25 20-25-38.mp4,True,0.069,1,6,40,0.692
C:\Users\jaysh\TapoVideos\Computer Camera\2026-02-25\2026-02-25 20-27-22.mp4,True,0.061,5,20,32,0.84
C:\Users\jaysh\TapoVideos\Computer Camera\2026-02-25\2026-02-25 20-27-40.mp4,False,0.041,0,9,36,0.889
C:\Users\jaysh\TapoVideos\Computer Camera\2026-02-25\2026-02-25 20-29-29.mp4,True,0.192,11,34,144,0.851
C:\Users\jaysh\TapoVideos\Computer Camera\2026-02-25\2026-02-25 20-30-37.mp4,True,0.053,1,22,128,0.917
C:\Users\jaysh\TapoVideos\Computer Camera\2026-02-25\2026-02-25 20-33-17.mp4,True,0.056,2,14,88,0.795
C:\Users\jaysh\TapoVideos\Computer Camera\2026-02-25\2026-02-25 20-34-35.mp4,True,0.066,3,8,36,0.786
C:\Users\jaysh\TapoVideos\Computer Camera\2026-02-25\2026-02-25 20-34-59.mp4,True,0.061,2,10,60,0.835
C:\Users\jaysh\TapoVideos\Computer Camera\2026-02-25\2026-02-25 20-36-59.mp4,True,0.063,2,38,80,0.862
C:\Users\jaysh\TapoVideos\Computer Camera\2026-02-25\2026-02-25 20-37-35.mp4,True,0.078,1,9,48,0.848
C:\Users\jaysh\TapoVideos\Computer Camera\2026-02-25\2026-02-25 20-43-45.mp4,False,0.038,0,4,40,0.71
C:\Users\jaysh\TapoVideos\Computer Camera\2026-02-25\2026-02-25 20-44-33.mp4,True,0.359,4,50,76,0.87
C:\Users\jaysh\TapoVideos\Computer Camera\2026-02-25\2026-02-25 20-45-13.mp4,True,0.078,7,51,80,0.81
C:\Users\jaysh\TapoVideos\Computer Camera\2026-02-25\2026-02-25 20-46-03.mp4,True,0.149,10,28,40,0.834
C:\Users\jaysh\TapoVideos\Computer Camera\2026-02-25\2026-02-25 20-51-59.mp4,False,0.043,0,5,36,0.873
C:\Users\jaysh\TapoVideos\Computer Camera\2026-02-25\2026-02-25 20-53-38.mp4,False,0.027,0,5,32,0.625
C:\Users\jaysh\TapoVideos\Computer Camera\2026-02-25\2026-02-25 20-56-25.mp4,True,0.054,1,13,68,0.773
C:\Users\jaysh\TapoVideos\Computer Camera\2026-02-25\2026-02-25 20-58-02.mp4,True,0.183,5,20,52,0.806
C:\Users\jaysh\TapoVideos\Computer Camera\2026-02-25\2026-02-25 20-58-33.mp4,False,0.018,0,5,32,0.546
C:\Users\jaysh\TapoVideos\Computer Camera\2026-02-25\2026-02-25 20-58-56.mp4,False,0.0,0,8,100,0.747
C:\Users\jaysh\TapoVideos\Computer Camera\2026-02-25\2026-02-25 21-02-10.mp4,True,0.093,11,15,40,0.829
C:\Users\jaysh\TapoVideos\Computer Camera\2026-02-25\2026-02-25 21-03-49.mp4,True,0.127,15,26,44,0.789
C:\Users\jaysh\TapoVideos\Computer Camera\2026-02-25\2026-02-25 21-04-08.mp4,True,0.072,3,9,32,0.814
C:\Users\jaysh\TapoVideos\Computer Camera\2026-02-25\2026-02-25 21-13-02.mp4,True,0.064,1,25,68,0.835
C:\Users\jaysh\TapoVideos\Computer Camera\2026-02-25\2026-02-25 21-16-35.mp4,True,0.224,5,33,68,0.843
C:\Users\jaysh\TapoVideos\Computer Camera\2026-02-25\2026-02-25 21-17-05.mp4,True,0.11,8,9,48,0.751
C:\Users\jaysh\TapoVideos\Computer Camera\2026-02-25\2026-02-25 21-18-02.mp4,False,0.0,0,15,111,0.829
C:\Users\jaysh\TapoVideos\Computer Camera\2026-02-25\2026-02-25 21-18-54.mp4,True,0.157,3,34,88,0.838
C:\Users\jaysh\TapoVideos\Computer Camera\2026-02-25\2026-02-25 21-21-16.mp4,False,0.0,0,33,96,0.867
C:\Users\jaysh\TapoVideos\Computer Camera\2026-02-25\2026-02-25 21-24-24.mp4,True,0.058,2,15,76,0.742
C:\Users\jaysh\TapoVideos\Computer Camera\2026-02-25\2026-02-25 21-25-21.mp4,False,0.022,0,30,44,0.837
C:\Users\jaysh\TapoVideos\Computer Camera\2026-02-25\2026-02-25 21-25-48.mp4,False,0.0,0,12,32,0.81
C:\Users\jaysh\TapoVideos\Computer Camera\2026-02-25\2026-02-25 21-28-48.mp4,True,0.09,1,3,40,0.835
C:\Users\jaysh\TapoVideos\Computer Camera\2026-02-25\2026-02-25 21-29-23.mp4,False,0.02,0,4,36,0.773
C:\Users\jaysh\TapoVideos\Computer Camera\2026-02-25\2026-02-25 21-30-09.mp4,False,0.032,0,8,36,0.822
C:\Users\jaysh\TapoVideos\Computer Camera\2026-02-25\2026-02-25 21-31-35.mp4,False,0.027,0,5,36,0.806
C:\Users\jaysh\TapoVideos\Computer Camera\2026-02-25\2026-02-25 21-32-26.mp4,False,0.0,0,3,40,0.704
C:\Users\jaysh\TapoVideos\Computer Camera\2026-02-25\2026-02-25 21-39-44.mp4,True,0.132,4,5,36,0.787
C:\Users\jaysh\TapoVideos\Computer Camera\2026-02-25\2026-02-25 21-39-58.mp4,False,0.0,0,3,36,0.799
C:\Users\jaysh\TapoVideos\Computer Camera\2026-02-25\2026-02-25 21-40-27.mp4,True,0.095,1,3,32,0.799
C:\Users\jaysh\TapoVideos\Computer Camera\2026-02-25\2026-02-25 21-42-18.mp4,True,0.079,2,6,40,0.71
C:\Users\jaysh\TapoVideos\Computer Camera\2026-02-25\2026-02-25 21-44-32.mp4,True,1.0,3,3,68,0.446
C:\Users\jaysh\TapoVideos\Computer Camera\2026-02-25\2026-02-25 21-45-03.mp4,True,1.0,14,14,176,0.779
C:\Users\jaysh\TapoVideos\Computer Camera\2026-02-25\2026-02-25 21-46-27.mp4,True,1.0,25,25,52,0.886
C:\Users\jaysh\TapoVideos\Computer Camera\2026-02-25\2026-02-25 21-47-54.mp4,True,0.858,12,38,80,0.921
C:\Users\jaysh\TapoVideos\Computer Camera\2026-02-25\2026-02-25 21-48-55.mp4,True,0.124,3,43,92,0.865
C:\Users\jaysh\TapoVideos\Computer Camera\2026-02-25\2026-02-25 21-50-00.mp4,False,0.0,0,26,74,0.774
C:\Users\jaysh\TapoVideos\Computer Camera\2026-02-25\2026-02-25 21-50-32.mp4,False,0.0,0,6,32,0.774
C:\Users\jaysh\TapoVideos\Computer Camera\2026-02-25\2026-02-25 21-51-31.mp4,False,0.0,0,7,64,0.71
C:\Users\jaysh\TapoVideos\Computer Camera\2026-02-25\2026-02-25 21-52-35.mp4,True,0.148,7,10,72,0.897
C:\Users\jaysh\TapoVideos\Computer Camera\2026-02-25\2026-02-25 21-57-12.mp4,False,0.0,0,3,32,0.613
C:\Users\jaysh\TapoVideos\Computer Camera\2026-02-25\2026-02-25 21-58-31.mp4,False,0.0,0,6,36,0.589
C:\Users\jaysh\TapoVideos\Computer Camera\2026-02-25\2026-02-25 21-59-52.mp4,False,0.0,0,25,39,0.839
C:\Users\jaysh\TapoVideos\Computer Camera\2026-02-25\2026-02-25 22-00-07.mp4,True,0.432,17,31,80,0.858
C:\Users\jaysh\TapoVideos\Computer Camera\2026-02-25\2026-02-25 22-03-14.mp4,False,0.0,0,13,52,0.677
C:\Users\jaysh\TapoVideos\Computer Camera\2026-02-25\2026-02-25 22-06-36.mp4,True,0.505,13,14,48,0.558
C:\Users\jaysh\TapoVideos\Computer Camera\2026-02-25\2026-02-25 22-07-01.mp4,True,1.0,10,11,32,0.66
C:\Users\jaysh\TapoVideos\Computer Camera\2026-02-25\2026-02-25 22-07-15.mp4,True,1.0,4,8,44,0.608
C:\Users\jaysh\TapoVideos\Computer Camera\2026-02-25\2026-02-25 22-08-03.mp4,False,0.049,0,23,96,0.775
C:\Users\jaysh\TapoVideos\Computer Camera\2026-02-25\2026-02-25 22-08-47.mp4,True,1.0,7,32,64,0.859
C:\Users\jaysh\TapoVideos\Computer Camera\2026-02-25\2026-02-25 22-11-18.mp4,False,0.0,0,2,36,0.721
C:\Users\jaysh\TapoVideos\Computer Camera\2026-02-25\2026-02-25 22-14-28.mp4,True,0.083,1,10,36,0.779
C:\Users\jaysh\TapoVideos\Computer Camera\2026-02-25\2026-02-25 22-15-23.mp4,False,0.0,0,3,32,0.519
C:\Users\jaysh\TapoVideos\Computer Camera\2026-02-25\2026-02-25 22-15-40.mp4,False,0.0,0,2,48,0.686
C:\Users\jaysh\TapoVideos\Computer Camera\2026-02-25\2026-02-25 22-48-19.mp4,False,0.0,0,1,36,0.781
C:\Users\jaysh\TapoVideos\Computer Camera\2026-02-26\2026-02-26 01-20-20.mp4,False,0.0,0,12,40,0.772
C:\Users\jaysh\TapoVideos\Computer Camera\2026-02-26\2026-02-26 01-21-34.mp4,True,0.052,2,12,60,0.765
C:\Users\jaysh\TapoVideos\Computer Camera\2026-02-26\2026-02-26 01-22-25.mp4,False,0.0,0,2,56,0.664
C:\Users\jaysh\TapoVideos\Computer Camera\2026-02-26\2026-02-26 07-50-28.mp4,False,0.0,0,5,36,0.798
C:\Users\jaysh\TapoVideos\Computer Camera\2026-02-26\2026-02-26 07-50-42.mp4,False,0.0,0,19,32,0.827
C:\Users\jaysh\TapoVideos\Computer Camera\2026-02-26\2026-02-26 07-50-55.mp4,False,0.0,0,2,36,0.819
C:\Users\jaysh\TapoVideos\Computer Camera\2026-02-26\2026-02-26 07-57-12.mp4,True,0.064,1,15,152,0.808
C:\Users\jaysh\TapoVideos\Computer Camera\2026-02-26\2026-02-26 07-58-33.mp4,False,0.0,0,13,88,0.911
C:\Users\jaysh\TapoVideos\Computer Camera\2026-02-26\2026-02-26 07-59-25.mp4,False,0.0,0,31,168,0.817
C:\Users\jaysh\TapoVideos\Computer Camera\2026-02-26\2026-02-26 08-00-49.mp4,False,0.0,0,2,40,0.483
C:\Users\jaysh\TapoVideos\Computer Camera\2026-02-26\2026-02-26 08-02-01.mp4,True,1.0,29,31,43,0.862
C:\Users\jaysh\TapoVideos\Computer Camera\2026-02-26\2026-02-26 08-02-19.mp4,True,1.0,15,43,72,0.867
C:\Users\jaysh\TapoVideos\Computer Camera\2026-02-26\2026-02-26 08-02-50.mp4,True,0.103,5,34,80,0.846
C:\Users\jaysh\TapoVideos\Computer Camera\2026-02-26\2026-02-26 08-16-16.mp4,True,0.13,3,11,40,0.783
C:\Users\jaysh\TapoVideos\Computer Camera\2026-02-26\2026-02-26 08-17-05.mp4,False,0.031,0,13,40,0.816
C:\Users\jaysh\TapoVideos\Computer Camera\2026-02-26\2026-02-26 08-21-46.mp4,False,0.0,0,2,68,0.688
C:\Users\jaysh\TapoVideos\Computer Camera\2026-02-26\2026-02-26 08-26-53.mp4,True,0.533,15,23,60,0.796
C:\Users\jaysh\TapoVideos\Computer Camera\2026-02-26\2026-02-26 08-27-32.mp4,False,0.0,0,4,32,0.726
C:\Users\jaysh\TapoVideos\Computer Camera\2026-02-26\2026-02-26 09-05-09.mp4,False,0.0,0,3,48,0.745
C:\Users\jaysh\TapoVideos\Computer Camera\2026-02-26\2026-02-26 09-17-17.mp4,True,0.051,1,4,36,0.762
C:\Users\jaysh\TapoVideos\Computer Camera\2026-02-26\2026-02-26 09-18-33.mp4,False,0.0,0,1,36,0.762
C:\Users\jaysh\TapoVideos\Computer Camera\2026-02-26\2026-02-26 09-29-09.mp4,True,0.431,8,24,113,0.905
C:\Users\jaysh\TapoVideos\Computer Camera\2026-02-26\2026-02-26 09-30-00.mp4,False,0.019,0,74,112,0.896
C:\Users\jaysh\TapoVideos\Computer Camera\2026-02-26\2026-02-26 09-30-56.mp4,False,0.0,0,10,36,0.841
C:\Users\jaysh\TapoVideos\Computer Camera\2026-02-26\2026-02-26 09-32-20.mp4,False,0.02,0,16,60,0.715
C:\Users\jaysh\TapoVideos\Computer Camera\2026-02-26\2026-02-26 18-17-59.mp4,False,0.0,0,4,52,0.676
C:\Users\jaysh\TapoVideos\Computer Camera\2026-02-26\2026-02-26 18-19-00.mp4,True,0.342,20,24,36,0.853
C:\Users\jaysh\TapoVideos\Computer Camera\2026-02-26\2026-02-26 18-19-16.mp4,True,1.0,14,14,40,0.853
C:\Users\jaysh\TapoVideos\Computer Camera\2026-02-26\2026-02-26 18-20-05.mp4,False,0.0,0,2,40,0.51
C:\Users\jaysh\TapoVideos\Computer Camera\2026-02-26\2026-02-26 18-21-43.mp4,False,0.0,0,21,44,0.909
C:\Users\jaysh\TapoVideos\Computer Camera\2026-02-26\2026-02-26 18-28-08.mp4,False,0.0,0,1,40,0.453
C:\Users\jaysh\TapoVideos\Computer Camera\2026-02-26\2026-02-26 18-39-42.mp4,False,0.006,0,8,40,0.79
C:\Users\jaysh\TapoVideos\Computer Camera\2026-02-26\2026-02-26 18-39-59.mp4,False,0.004,0,16,32,0.643
C:\Users\jaysh\TapoVideos\Computer Camera\2026-02-26\2026-02-26 18-40-16.mp4,False,0.004,0,6,32,0.751
C:\Users\jaysh\TapoVideos\Computer Camera\2026-02-26\2026-02-26 18-40-29.mp4,False,0.006,0,12,32,0.676
C:\Users\jaysh\TapoVideos\Computer Camera\2026-02-26\2026-02-26 18-40-43.mp4,False,0.0,0,5,32,0.76
C:\Users\jaysh\TapoVideos\Computer Camera\2026-02-26\2026-02-26 18-42-19.mp4,True,0.076,1,41,68,0.847
C:\Users\jaysh\TapoVideos\Computer Camera\2026-02-26\2026-02-26 18-42-48.mp4,True,0.078,1,28,48,0.785
C:\Users\jaysh\TapoVideos\Computer Camera\2026-02-26\2026-02-26 18-43-09.mp4,False,0.021,0,3,32,0.856
C:\Users\jaysh\TapoVideos\Computer Camera\2026-02-26\2026-02-26 18-43-22.mp4,True,1.0,22,33,108,0.874
C:\Users\jaysh\TapoVideos\Computer Camera\2026-02-26\2026-02-26 18-44-18.mp4,False,0.0,0,26,40,0.765
C:\Users\jaysh\TapoVideos\Computer Camera\2026-02-26\2026-02-26 18-44-36.mp4,True,1.0,8,91,216,0.866
C:\Users\jaysh\TapoVideos\Computer Camera\2026-02-26\2026-02-26 18-46-32.mp4,True,0.183,24,79,124,0.928
C:\Users\jaysh\TapoVideos\Computer Camera\2026-02-26\2026-02-26 18-48-20.mp4,True,0.084,4,40,72,0.865
C:\Users\jaysh\TapoVideos\Computer Camera\2026-02-26\2026-02-26 18-49-57.mp4,True,0.073,2,25,40,0.846
C:\Users\jaysh\TapoVideos\Computer Camera\2026-02-26\2026-02-26 18-50-16.mp4,True,0.114,14,32,52,0.808
C:\Users\jaysh\TapoVideos\Computer Camera\2026-02-26\2026-02-26 18-50-39.mp4,False,0.045,0,7,32,0.756
C:\Users\jaysh\TapoVideos\Computer Camera\2026-02-26\2026-02-26 18-53-27.mp4,True,0.06,1,5,164,0.67
C:\Users\jaysh\TapoVideos\Computer Camera\2026-02-26\2026-02-26 19-06-02.mp4,True,1.0,12,32,76,0.883
C:\Users\jaysh\TapoVideos\Computer Camera\2026-02-26\2026-02-26 19-06-44.mp4,True,0.268,13,15,52,0.855
C:\Users\jaysh\TapoVideos\Computer Camera\2026-02-26\2026-02-26 19-07-22.mp4,False,0.014,0,18,60,0.757
C:\Users\jaysh\TapoVideos\Computer Camera\2026-02-26\2026-02-26 19-18-27.mp4,False,0.0,0,3,36,0.531
C:\Users\jaysh\TapoVideos\Computer Camera\2026-02-26\2026-02-26 19-19-10.mp4,False,0.0,0,4,36,0.598
C:\Users\jaysh\TapoVideos\Computer Camera\2026-02-26\2026-02-26 19-20-16.mp4,True,1.0,15,45,220,0.905
C:\Users\jaysh\TapoVideos\Computer Camera\2026-02-26\2026-02-26 19-22-21.mp4,True,1.0,19,74,144,0.872
C:\Users\jaysh\TapoVideos\Computer Camera\2026-02-26\2026-02-26 19-23-49.mp4,False,0.027,0,16,36,0.729
C:\Users\jaysh\TapoVideos\Computer Camera\2026-02-26\2026-02-26 19-24-03.mp4,True,0.059,2,38,72,0.874
C:\Users\jaysh\TapoVideos\Computer Camera\2026-02-26\2026-02-26 19-29-55.mp4,False,0.0,0,18,56,0.804
C:\Users\jaysh\TapoVideos\Computer Camera\2026-02-26\2026-02-26 19-31-10.mp4,True,1.0,31,44,84,0.878
C:\Users\jaysh\TapoVideos\Computer Camera\2026-02-26\2026-02-26 19-35-06.mp4,True,0.066,2,19,72,0.817
C:\Users\jaysh\TapoVideos\Computer Camera\2026-02-26\2026-02-26 19-35-50.mp4,False,0.016,0,20,52,0.824
C:\Users\jaysh\TapoVideos\Computer Camera\2026-02-26\2026-02-26 19-36-13.mp4,True,0.058,1,33,72,0.842
C:\Users\jaysh\TapoVideos\Computer Camera\2026-02-26\2026-02-26 19-36-56.mp4,False,0.0,0,3,40,0.527
C:\Users\jaysh\TapoVideos\Computer Camera\2026-02-26\2026-02-26 19-40-03.mp4,True,0.085,1,16,84,0.787
C:\Users\jaysh\TapoVideos\Computer Camera\2026-02-26\2026-02-26 19-41-01.mp4,False,0.0,0,5,36,0.763
C:\Users\jaysh\TapoVideos\Computer Camera\2026-02-26\2026-02-26 19-53-39.mp4,False,0.0,0,1,64,0.668
C:\Users\jaysh\TapoVideos\Computer Camera\2026-02-26\2026-02-26 19-54-50.mp4,False,0.0,0,7,40,0.673
C:\Users\jaysh\TapoVideos\Computer Camera\2026-02-26\2026-02-26 19-58-34.mp4,False,0.04,0,13,48,0.764
C:\Users\jaysh\TapoVideos\Computer Camera\2026-02-26\2026-02-26 19-59-49.mp4,False,0.0,0,2,36,0.639
C:\Users\jaysh\TapoVideos\Computer Camera\2026-02-26\2026-02-26 20-00-22.mp4,False,0.0,0,2,36,0.6
C:\Users\jaysh\TapoVideos\Computer Camera\2026-02-26\2026-02-26 20-00-56.mp4,False,0.0,0,12,72,0.851
C:\Users\jaysh\TapoVideos\Computer Camera\2026-02-26\2026-02-26 20-36-03.mp4,False,0.038,0,41,132,0.789
C:\Users\jaysh\TapoVideos\Computer Camera\2026-02-26\2026-02-26 20-40-53.mp4,False,0.0,0,45,72,0.768
C:\Users\jaysh\TapoVideos\Computer Camera\2026-02-26\2026-02-26 20-41-27.mp4,False,0.0,0,10,36,0.653
C:\Users\jaysh\TapoVideos\Computer Camera\2026-02-26\2026-02-26 20-46-49.mp4,False,0.0,0,1,40,0.773
C:\Users\jaysh\TapoVideos\Computer Camera\2026-02-26\2026-02-26 20-49-03.mp4,False,0.034,0,2,32,0.778
C:\Users\jaysh\TapoVideos\Computer Camera\2026-02-26\2026-02-26 20-49-18.mp4,True,0.118,2,77,236,0.821
C:\Users\jaysh\TapoVideos\Computer Camera\2026-02-26\2026-02-26 20-51-18.mp4,True,1.0,30,59,92,0.877
C:\Users\jaysh\TapoVideos\Computer Camera\2026-02-26\2026-02-26 20-52-25.mp4,True,0.101,21,31,88,0.788
C:\Users\jaysh\TapoVideos\Computer Camera\2026-02-26\2026-02-26 20-53-33.mp4,False,0.039,0,4,40,0.661
C:\Users\jaysh\TapoVideos\Computer Camera\2026-02-26\2026-02-26 20-54-16.mp4,True,1.0,2,77,136,0.881
C:\Users\jaysh\TapoVideos\Computer Camera\2026-02-26\2026-02-26 20-55-30.mp4,True,0.069,6,66,191,0.843
C:\Users\jaysh\TapoVideos\Computer Camera\2026-02-26\2026-02-26 20-57-01.mp4,False,0.008,0,13,36,0.765
C:\Users\jaysh\TapoVideos\Computer Camera\2026-02-26\2026-02-26 20-57-16.mp4,True,0.212,31,49,52,0.858
C:\Users\jaysh\TapoVideos\Computer Camera\2026-02-26\2026-02-26 20-57-40.mp4,True,0.172,68,68,68,0.871
C:\Users\jaysh\TapoVideos\Computer Camera\2026-02-26\2026-02-26 20-58-18.mp4,True,0.162,29,30,36,0.905
C:\Users\jaysh\TapoVideos\Computer Camera\2026-02-26\2026-02-26 20-58-43.mp4,True,0.14,38,43,48,0.893
C:\Users\jaysh\TapoVideos\Computer Camera\2026-02-26\2026-02-26 20-59-13.mp4,True,0.074,5,32,104,0.894
C:\Users\jaysh\TapoVideos\Computer Camera\2026-02-26\2026-02-26 21-00-00.mp4,False,0.032,0,23,32,0.907
C:\Users\jaysh\TapoVideos\Computer Camera\2026-02-26\2026-02-26 21-02-30.mp4,False,0.005,0,23,48,0.81
C:\Users\jaysh\TapoVideos\Computer Camera\2026-02-26\2026-02-26 21-03-00.mp4,False,0.016,0,7,36,0.646
C:\Users\jaysh\TapoVideos\Computer Camera\2026-02-26\2026-02-26 21-06-59.mp4,False,0.0,0,32,122,0.849
C:\Users\jaysh\TapoVideos\Computer Camera\2026-02-26\2026-02-26 21-07-55.mp4,False,0.04,0,31,64,0.883
C:\Users\jaysh\TapoVideos\Computer Camera\2026-02-26\2026-02-26 21-08-25.mp4,True,1.0,14,53,68,0.885
C:\Users\jaysh\TapoVideos\Computer Camera\2026-02-26\2026-02-26 21-09-00.mp4,False,0.0,0,16,43,0.824
C:\Users\jaysh\TapoVideos\Computer Camera\2026-02-26\2026-02-26 21-09-18.mp4,True,1.0,10,14,56,0.868
C:\Users\jaysh\TapoVideos\Computer Camera\2026-02-26\2026-02-26 21-25-00.mp4,False,0.0,0,5,44,0.605
C:\Users\jaysh\TapoVideos\Computer Camera\2026-02-26\2026-02-26 21-38-08.mp4,False,0.0,0,1,48,0.446
C:\Users\jaysh\TapoVideos\Computer Camera\2026-02-26\2026-02-26 21-39-28.mp4,False,0.0,0,6,36,0.488
C:\Users\jaysh\TapoVideos\Computer Camera\2026-02-26\2026-02-26 21-39-46.mp4,False,0.0,0,7,32,0.719
C:\Users\jaysh\TapoVideos\Computer Camera\2026-02-26\2026-02-26 21-47-44.mp4,False,0.0,0,2,48,0.595
C:\Users\jaysh\TapoVideos\Computer Camera\2026-02-26\2026-02-26 21-48-36.mp4,False,0.0,0,3,76,0.592
C:\Users\jaysh\TapoVideos\Computer Camera\2026-02-26\2026-02-26 23-02-44.mp4,True,0.064,1,9,156,0.863
C:\Users\jaysh\TapoVideos\Computer Camera\2026-02-26\2026-02-26 23-03-58.mp4,True,1.0,25,38,300,0.887
C:\Users\jaysh\TapoVideos\Computer Camera\2026-02-26\2026-02-26 23-06-30.mp4,True,1.0,14,14,36,0.502
C:\Users\jaysh\TapoVideos\Computer Camera\2026-02-26\2026-02-26 23-07-01.mp4,True,1.0,11,11,48,0.697
C:\Users\jaysh\TapoVideos\Computer Camera\2026-02-26\2026-02-26 23-07-23.mp4,True,1.0,34,34,84,0.923
C:\Users\jaysh\TapoVideos\Computer Camera\2026-02-26\2026-02-26 23-08-04.mp4,True,1.0,16,16,32,0.599
C:\Users\jaysh\TapoVideos\Computer Camera\2026-02-26\2026-02-26 23-08-41.mp4,True,1.0,27,34,72,0.883
C:\Users\jaysh\TapoVideos\Computer Camera\2026-02-26\2026-02-26 23-10-09.mp4,True,0.075,16,26,36,0.865
C:\Users\jaysh\TapoVideos\Computer Camera\2026-02-26\2026-02-26 23-10-30.mp4,True,0.06,16,20,44,0.674
C:\Users\jaysh\TapoVideos\Computer Camera\2026-02-26\2026-02-26 23-10-51.mp4,True,0.172,38,39,52,0.859
C:\Users\jaysh\TapoVideos\Computer Camera\2026-02-26\2026-02-26 23-11-13.mp4,True,0.158,26,26,36,0.853
C:\Users\jaysh\TapoVideos\Computer Camera\2026-02-26\2026-02-26 23-11-35.mp4,True,0.158,7,15,72,0.791
C:\Users\jaysh\TapoVideos\Computer Camera\2026-02-26\2026-02-26 23-26-42.mp4,False,0.0,0,9,36,0.675
C:\Users\jaysh\TapoVideos\Computer Camera\2026-02-27\2026-02-27 09-36-50.mp4,True,0.511,24,28,36,0.918
C:\Users\jaysh\TapoVideos\Computer Camera\2026-02-27\2026-02-27 09-37-08.mp4,True,0.586,10,16,44,0.852
C:\Users\jaysh\TapoVideos\Computer Camera\2026-02-27\2026-02-27 11-42-11.mp4,True,0.082,1,9,63,0.898
C:\Users\jaysh\TapoVideos\Computer Camera\2026-02-27\2026-02-27 11-42-38.mp4,False,0.0,0,10,40,0.738
C:\Users\jaysh\TapoVideos\Computer Camera\2026-02-27\2026-02-27 11-42-55.mp4,True,0.122,4,22,108,0.846
C:\Users\jaysh\TapoVideos\Computer Camera\2026-02-27\2026-02-27 11-44-20.mp4,True,1.0,9,12,88,0.897
C:\Users\jaysh\TapoVideos\Computer Camera\2026-02-27\2026-02-27 11-51-31.mp4,True,0.46,11,23,60,0.891
C:\Users\jaysh\TapoVideos\Computer Camera\2026-02-27\2026-02-27 11-57-36.mp4,False,0.0,0,5,72,0.854
C:\Users\jaysh\TapoVideos\Computer Camera\2026-02-27\2026-02-27 12-19-26.mp4,True,0.437,22,40,124,0.9
C:\Users\jaysh\TapoVideos\Computer Camera\2026-02-27\2026-02-27 12-31-38.mp4,True,1.0,18,35,84,0.836
C:\Users\jaysh\TapoVideos\Computer Camera\2026-02-27\2026-02-27 12-32-30.mp4,True,1.0,17,29,56,0.882
C:\Users\jaysh\TapoVideos\Computer Camera\2026-02-27\2026-02-27 12-46-14.mp4,False,0.024,0,5,36,0.831
C:\Users\jaysh\TapoVideos\Computer Camera\2026-02-27\2026-02-27 12-46-46.mp4,False,0.0,0,30,84,0.849
C:\Users\jaysh\TapoVideos\Computer Camera\2026-02-27\2026-02-27 13-01-43.mp4,False,0.0,0,7,72,0.813
C:\Users\jaysh\TapoVideos\Computer Camera\2026-02-27\2026-02-27 13-02-24.mp4,False,0.018,0,12,88,0.846
C:\Users\jaysh\TapoVideos\Computer Camera\2026-02-27\2026-02-27 13-03-45.mp4,False,0.011,0,9,44,0.899
C:\Users\jaysh\TapoVideos\Computer Camera\2026-02-27\2026-02-27 13-06-31.mp4,False,0.0,0,1,32,0.531
C:\Users\jaysh\TapoVideos\Computer Camera\2026-02-27\2026-02-27 13-07-22.mp4,False,0.0,0,26,36,0.768
C:\Users\jaysh\TapoVideos\Computer Camera\2026-02-27\2026-02-27 13-07-39.mp4,False,0.0,0,6,36,0.537
C:\Users\jaysh\TapoVideos\Computer Camera\2026-02-27\2026-02-27 13-08-04.mp4,True,0.298,22,55,104,0.856
C:\Users\jaysh\TapoVideos\Computer Camera\2026-02-27\2026-02-27 13-08-53.mp4,False,0.0,0,10,36,0.61
C:\Users\jaysh\TapoVideos\Computer Camera\2026-02-27\2026-02-27 13-09-43.mp4,False,0.014,0,12,36,0.858
C:\Users\jaysh\TapoVideos\Computer Camera\2026-02-27\2026-02-27 13-11-17.mp4,False,0.0,0,30,64,0.892
C:\Users\jaysh\TapoVideos\Computer Camera\2026-02-27\2026-02-27 13-16-21.mp4,False,0.0,0,4,36,0.754
C:\Users\jaysh\TapoVideos\Computer Camera\2026-02-27\2026-02-27 13-17-23.mp4,False,0.003,0,4,44,0.675
C:\Users\jaysh\TapoVideos\Computer Camera\2026-02-27\2026-02-27 13-23-50.mp4,True,1.0,7,15,68,0.856
C:\Users\jaysh\TapoVideos\Computer Camera\2026-02-27\2026-02-27 13-24-26.mp4,False,0.0,0,5,36,0.798
C:\Users\jaysh\TapoVideos\Computer Camera\2026-02-27\2026-02-27 13-24-57.mp4,True,0.055,1,8,40,0.793
C:\Users\jaysh\TapoVideos\Computer Camera\2026-02-27\2026-02-27 13-25-49.mp4,True,1.0,23,37,64,0.921
C:\Users\jaysh\TapoVideos\Computer Camera\2026-02-27\2026-02-27 18-09-14.mp4,True,1.0,2,2,48,0.566
C:\Users\jaysh\TapoVideos\Computer Camera\2026-02-27\2026-02-27 19-38-35.mp4,False,0.0,0,4,36,0.756
C:\Users\jaysh\TapoVideos\Computer Camera\2026-02-27\2026-02-27 19-39-21.mp4,False,0.0,0,4,84,0.735
C:\Users\jaysh\TapoVideos\Computer Camera\2026-02-27\2026-02-27 19-40-03.mp4,True,0.41,24,28,37,0.869
C:\Users\jaysh\TapoVideos\Computer Camera\2026-02-27\2026-02-27 19-40-17.mp4,True,0.587,23,32,48,0.884
C:\Users\jaysh\TapoVideos\Computer Camera\2026-02-27\2026-02-27 19-40-55.mp4,True,0.124,4,10,42,0.788
C:\Users\jaysh\TapoVideos\Computer Camera\2026-02-27\2026-02-27 22-53-46.mp4,False,0.0,0,11,36,0.737
C:\Users\jaysh\TapoVideos\Computer Camera\2026-02-27\2026-02-27 22-53-25.mp4,True,0.314,2,32,48,0.867
C:\Users\jaysh\TapoVideos\Computer Camera\2026-02-27\2026-02-27 23-02-08.mp4,True,0.929,2,2,32,0.434
C:\Users\jaysh\TapoVideos\Computer Camera\2026-02-27\2026-02-27 23-01-22.mp4,True,0.91,8,8,36,0.61
C:\Users\jaysh\TapoVideos\Computer Camera\2026-02-27\2026-02-27 23-03-20.mp4,True,1.0,8,11,48,0.843
C:\Users\jaysh\TapoVideos\Computer Camera\2026-02-27\2026-02-27 22-51-22.mp4,True,0.984,27,51,92,0.902
C:\Users\jaysh\TapoVideos\Computer Camera\2026-02-27\2026-02-27 22-58-58.mp4,True,1.0,20,21,64,0.898
C:\Users\jaysh\TapoVideos\Computer Camera\2026-02-27\2026-02-27 23-12-38.mp4,True,0.559,22,25,54,0.862
C:\Users\jaysh\TapoVideos\Computer Camera\2026-02-27\2026-02-27 23-15-56.mp4,True,0.125,3,10,40,0.936
C:\Users\jaysh\TapoVideos\Computer Camera\2026-02-27\2026-02-27 23-16-21.mp4,True,1.0,27,28,58,0.637
C:\Users\jaysh\TapoVideos\Computer Camera\2026-02-27\2026-02-27 23-14-40.mp4,True,0.524,10,28,72,0.889
C:\Users\jaysh\TapoVideos\Computer Camera\2026-02-27\2026-02-27 23-16-46.mp4,True,1.0,32,35,68,0.87
C:\Users\jaysh\TapoVideos\Computer Camera\2026-02-28\2026-02-28 00-50-06.mp4,True,0.069,2,5,32,0.787
C:\Users\jaysh\TapoVideos\Computer Camera\2026-02-27\2026-02-27 23-13-01.mp4,True,0.486,21,27,108,0.902
C:\Users\jaysh\TapoVideos\Computer Camera\2026-02-28\2026-02-28 00-59-25.mp4,False,0.0,0,1,32,0.495
C:\Users\jaysh\TapoVideos\Computer Camera\2026-02-27\2026-02-27 23-24-02.mp4,True,0.522,7,52,108,0.899
C:\Users\jaysh\TapoVideos\Computer Camera\2026-02-27\2026-02-27 22-59-36.mp4,True,1.0,81,81,212,0.852
C:\Users\jaysh\TapoVideos\Computer Camera\2026-02-28\2026-02-28 01-35-12.mp4,False,0.0,0,4,28,0.655
C:\Users\jaysh\TapoVideos\Computer Camera\2026-02-28\2026-02-28 01-23-49.mp4,True,1.0,31,35,54,0.816
C:\Users\jaysh\TapoVideos\Computer Camera\2026-02-28\2026-02-28 01-24-12.mp4,True,0.866,23,27,60,0.813
C:\Users\jaysh\TapoVideos\Computer Camera\2026-02-28\2026-02-28 01-57-41.mp4,True,1.0,12,22,44,0.791
C:\Users\jaysh\TapoVideos\Computer Camera\2026-02-28\2026-02-28 01-58-03.mp4,True,1.0,8,16,60,0.685
C:\Users\jaysh\TapoVideos\Computer Camera\2026-02-28\2026-02-28 10-55-49.mp4,False,0.0,0,2,36,0.774
C:\Users\jaysh\TapoVideos\Computer Camera\2026-02-28\2026-02-28 11-08-07.mp4,False,0.0,0,1,52,0.786
C:\Users\jaysh\TapoVideos\Computer Camera\2026-02-28\2026-02-28 11-11-00.mp4,False,0.027,0,11,36,0.787
C:\Users\jaysh\TapoVideos\Computer Camera\2026-02-28\2026-02-28 11-11-20.mp4,True,0.103,3,4,44,0.854
C:\Users\jaysh\TapoVideos\Computer Camera\2026-02-28\2026-02-28 11-14-14.mp4,True,0.246,30,31,32,0.864
C:\Users\jaysh\TapoVideos\Computer Camera\2026-02-28\2026-02-28 11-11-39.mp4,False,0.0,0,3,44,0.871
C:\Users\jaysh\TapoVideos\Computer Camera\2026-02-28\2026-02-28 11-09-14.mp4,True,0.079,2,12,84,0.931
C:\Users\jaysh\TapoVideos\Computer Camera\2026-02-28\2026-02-28 11-12-51.mp4,True,0.259,46,46,60,0.883
C:\Users\jaysh\TapoVideos\Computer Camera\2026-02-28\2026-02-28 11-12-19.mp4,True,0.197,24,26,64,0.906
C:\Users\jaysh\TapoVideos\Computer Camera\2026-02-28\2026-02-28 11-18-14.mp4,False,0.0,0,5,36,0.481
C:\Users\jaysh\TapoVideos\Computer Camera\2026-02-28\2026-02-28 11-16-12.mp4,True,0.317,60,60,60,0.881
C:\Users\jaysh\TapoVideos\Computer Camera\2026-02-28\2026-02-28 11-18-51.mp4,False,0.0,0,1,36,0.543
C:\Users\jaysh\TapoVideos\Computer Camera\2026-02-28\2026-02-28 11-19-16.mp4,False,0.004,0,12,36,0.779
C:\Users\jaysh\TapoVideos\Computer Camera\2026-02-28\2026-02-28 11-19-31.mp4,True,0.139,3,16,40,0.828
C:\Users\jaysh\TapoVideos\Computer Camera\2026-02-28\2026-02-28 11-39-39.mp4,False,0.0,0,5,40,0.839
C:\Users\jaysh\TapoVideos\Computer Camera\2026-02-28\2026-02-28 11-16-39.mp4,True,1.0,70,74,76,0.906
C:\Users\jaysh\TapoVideos\Computer Camera\2026-02-28\2026-02-28 11-17-14.mp4,True,0.415,35,45,72,0.899
C:\Users\jaysh\TapoVideos\Computer Camera\2026-02-28\2026-02-28 12-52-55.mp4,False,0.0,0,2,44,0.399
C:\Users\jaysh\TapoVideos\Computer Camera\2026-02-28\2026-02-28 12-54-08.mp4,False,0.0,0,2,44,0.794
C:\Users\jaysh\TapoVideos\Computer Camera\2026-02-28\2026-02-28 12-56-16.mp4,False,0.0,0,1,36,0.548
C:\Users\jaysh\TapoVideos\Computer Camera\2026-02-28\2026-02-28 12-49-05.mp4,False,0.0,0,1,68,0.494
C:\Users\jaysh\TapoVideos\Computer Camera\2026-02-28\2026-02-28 13-03-29.mp4,True,0.138,2,6,36,0.804
C:\Users\jaysh\TapoVideos\Computer Camera\2026-02-28\2026-02-28 13-02-19.mp4,False,0.0,0,4,36,0.792
C:\Users\jaysh\TapoVideos\Computer Camera\2026-02-28\2026-02-28 13-04-41.mp4,False,0.0,0,1,44,0.828
C:\Users\jaysh\TapoVideos\Computer Camera\2026-02-28\2026-02-28 13-02-59.mp4,True,0.318,16,29,68,0.808
C:\Users\jaysh\TapoVideos\Computer Camera\2026-02-28\2026-02-28 13-08-16.mp4,False,0.0,0,10,36,0.851
C:\Users\jaysh\TapoVideos\Computer Camera\2026-02-28\2026-02-28 13-08-02.mp4,False,0.0,0,22,36,0.897
C:\Users\jaysh\TapoVideos\Computer Camera\2026-02-28\2026-02-28 13-08-36.mp4,True,0.117,3,6,44,0.751
C:\Users\jaysh\TapoVideos\Computer Camera\2026-02-28\2026-02-28 13-03-50.mp4,True,1.0,27,36,100,0.892
C:\Users\jaysh\TapoVideos\Computer Camera\2026-02-28\2026-02-28 13-27-04.mp4,False,0.0,0,14,32,0.835
C:\Users\jaysh\TapoVideos\Computer Camera\2026-02-28\2026-02-28 13-27-17.mp4,False,0.014,0,7,56,0.852
C:\Users\jaysh\TapoVideos\Computer Camera\2026-02-28\2026-02-28 13-29-05.mp4,False,0.0,0,7,32,0.843
C:\Users\jaysh\TapoVideos\Computer Camera\2026-02-28\2026-02-28 13-28-43.mp4,False,0.0,0,28,53,0.881
C:\Users\jaysh\TapoVideos\Computer Camera\2026-02-28\2026-02-28 13-09-26.mp4,False,0.0,0,18,96,0.851
C:\Users\jaysh\TapoVideos\Computer Camera\2026-02-28\2026-02-28 13-31-22.mp4,False,0.0,0,3,36,0.45
C:\Users\jaysh\TapoVideos\Computer Camera\2026-02-28\2026-02-28 13-31-39.mp4,True,0.432,26,28,36,0.938
C:\Users\jaysh\TapoVideos\Computer Camera\2026-02-28\2026-02-28 13-33-29.mp4,True,0.089,2,35,96,0.876
C:\Users\jaysh\TapoVideos\Computer Camera\2026-02-28\2026-02-28 13-37-27.mp4,True,0.566,8,30,36,0.901
C:\Users\jaysh\TapoVideos\Computer Camera\2026-02-28\2026-02-28 13-37-45.mp4,False,0.0,0,5,36,0.647
C:\Users\jaysh\TapoVideos\Computer Camera\2026-02-28\2026-02-28 13-39-31.mp4,False,0.0,0,2,40,0.731
C:\Users\jaysh\TapoVideos\Computer Camera\2026-02-28\2026-02-28 13-39-07.mp4,False,0.0,0,14,44,0.937
C:\Users\jaysh\TapoVideos\Computer Camera\2026-02-28\2026-02-28 13-36-29.mp4,False,0.0,0,33,68,0.911
C:\Users\jaysh\TapoVideos\Computer Camera\2026-02-28\2026-02-28 13-37-05.mp4,True,0.566,28,32,55,0.894
C:\Users\jaysh\TapoVideos\Computer Camera\2026-02-28\2026-02-28 13-31-57.mp4,True,0.467,58,101,188,0.899
C:\Users\jaysh\TapoVideos\Computer Camera\2026-02-28\2026-02-28 13-40-09.mp4,False,0.0,0,25,56,0.89
C:\Users\jaysh\TapoVideos\Computer Camera\2026-02-28\2026-02-28 13-29-36.mp4,True,1.0,23,46,156,0.891
C:\Users\jaysh\TapoVideos\Computer Camera\2026-02-28\2026-02-28 13-41-01.mp4,True,0.194,4,16,56,0.931
C:\Users\jaysh\TapoVideos\Computer Camera\2026-02-28\2026-02-28 13-45-28.mp4,True,0.169,31,31,32,0.919
C:\Users\jaysh\TapoVideos\Computer Camera\2026-02-28\2026-02-28 13-44-00.mp4,False,0.0,0,66,68,0.911
C:\Users\jaysh\TapoVideos\Computer Camera\2026-02-28\2026-02-28 13-38-02.mp4,True,0.336,46,101,124,0.948
C:\Users\jaysh\TapoVideos\Computer Camera\2026-02-28\2026-02-28 13-43-15.mp4,False,0.0,0,48,97,0.882
C:\Users\jaysh\TapoVideos\Computer Camera\2026-02-28\2026-02-28 13-44-36.mp4,True,0.169,18,104,115,0.938
C:\Users\jaysh\TapoVideos\Computer Camera\2026-02-28\2026-02-28 13-45-41.mp4,True,0.38,33,36,108,0.893
C:\Users\jaysh\TapoVideos\Computer Camera\2026-02-28\2026-02-28 13-46-43.mp4,False,0.0,0,38,96,0.883
C:\Users\jaysh\TapoVideos\Computer Camera\2026-02-28\2026-02-28 14-14-35.mp4,True,0.809,27,31,68,0.929
C:\Users\jaysh\TapoVideos\Computer Camera\2026-02-28\2026-02-28 14-17-21.mp4,True,0.141,23,26,36,0.693
C:\Users\jaysh\TapoVideos\Computer Camera\2026-02-28\2026-02-28 14-13-57.mp4,True,0.098,4,19,84,0.852
C:\Users\jaysh\TapoVideos\Computer Camera\2026-02-28\2026-02-28 14-12-07.mp4,True,0.106,22,32,88,0.792
C:\Users\jaysh\TapoVideos\Computer Camera\2026-02-28\2026-02-28 14-18-56.mp4,False,0.022,0,19,32,0.832
C:\Users\jaysh\TapoVideos\Computer Camera\2026-02-28\2026-02-28 14-17-46.mp4,True,0.069,20,20,45,0.483
C:\Users\jaysh\TapoVideos\Computer Camera\2026-02-28\2026-02-28 14-12-53.mp4,True,0.125,11,24,103,0.912
C:\Users\jaysh\TapoVideos\Computer Camera\2026-02-28\2026-02-28 14-19-07.mp4,True,0.1,3,13,48,0.832
C:\Users\jaysh\TapoVideos\Computer Camera\2026-02-28\2026-02-28 14-25-45.mp4,False,0.0,0,7,32,0.626
C:\Users\jaysh\TapoVideos\Computer Camera\2026-02-28\2026-02-28 14-24-36.mp4,True,0.082,2,14,40,0.845
C:\Users\jaysh\TapoVideos\Computer Camera\2026-02-28\2026-02-28 14-25-05.mp4,True,1.0,10,65,87,0.874
C:\Users\jaysh\TapoVideos\Computer Camera\2026-02-28\2026-02-28 14-54-59.mp4,True,0.103,2,7,36,0.73
C:\Users\jaysh\TapoVideos\Computer Camera\2026-02-28\2026-02-28 14-53-52.mp4,True,0.078,1,5,40,0.536
C:\Users\jaysh\TapoVideos\Computer Camera\2026-02-28\2026-02-28 14-55-43.mp4,True,0.1,4,8,40,0.803
C:\Users\jaysh\TapoVideos\Computer Camera\2026-02-28\2026-02-28 15-06-50.mp4,False,0.0,0,11,32,0.405
C:\Users\jaysh\TapoVideos\Computer Camera\2026-02-28\2026-02-28 15-05-44.mp4,True,0.11,1,14,52,0.658
C:\Users\jaysh\TapoVideos\Computer Camera\2026-02-28\2026-02-28 14-56-02.mp4,True,0.143,6,16,56,0.83
C:\Users\jaysh\TapoVideos\Computer Camera\2026-02-28\2026-02-28 15-08-21.mp4,False,0.0,0,3,32,0.374
C:\Users\jaysh\TapoVideos\Computer Camera\2026-02-28\2026-02-28 15-07-41.mp4,False,0.0,0,13,36,0.775
C:\Users\jaysh\TapoVideos\Computer Camera\2026-02-28\2026-02-28 15-07-25.mp4,False,0.0,0,21,40,0.775
C:\Users\jaysh\TapoVideos\Computer Camera\2026-02-28\2026-02-28 15-09-55.mp4,True,0.171,22,22,34,0.763
C:\Users\jaysh\TapoVideos\Computer Camera\2026-02-28\2026-02-28 15-09-12.mp4,True,0.103,11,12,54,0.855
C:\Users\jaysh\TapoVideos\Computer Camera\2026-02-28\2026-02-28 15-09-35.mp4,True,0.167,15,15,48,0.855
C:\Users\jaysh\TapoVideos\Computer Camera\2026-02-28\2026-02-28 15-11-05.mp4,False,0.0,0,10,32,0.647
C:\Users\jaysh\TapoVideos\Computer Camera\2026-02-28\2026-02-28 15-10-38.mp4,False,0.0,0,13,36,0.804
C:\Users\jaysh\TapoVideos\Computer Camera\2026-02-28\2026-02-28 15-10-08.mp4,True,0.171,8,10,68,0.811
C:\Users\jaysh\TapoVideos\Computer Camera\2026-02-28\2026-02-28 15-13-07.mp4,True,0.109,2,5,44,0.744
C:\Users\jaysh\TapoVideos\Computer Camera\2026-02-28\2026-02-28 15-14-01.mp4,True,0.085,2,9,52,0.818
C:\Users\jaysh\TapoVideos\Computer Camera\2026-02-28\2026-02-28 15-14-50.mp4,True,0.075,1,2,32,0.664
C:\Users\jaysh\TapoVideos\Computer Camera\2026-02-28\2026-02-28 15-11-17.mp4,False,0.0,0,17,56,0.736
C:\Users\jaysh\TapoVideos\Computer Camera\2026-02-28\2026-02-28 15-14-25.mp4,True,0.5,14,18,48,0.792
C:\Users\jaysh\TapoVideos\Computer Camera\2026-02-28\2026-02-28 15-24-32.mp4,True,0.111,1,7,32,0.742
C:\Users\jaysh\TapoVideos\Computer Camera\2026-02-28\2026-02-28 15-47-22.mp4,False,0.0,0,1,36,0.68
C:\Users\jaysh\TapoVideos\Computer Camera\2026-02-28\2026-02-28 15-48-35.mp4,False,0.0,0,3,32,0.75
C:\Users\jaysh\TapoVideos\Computer Camera\2026-02-28\2026-02-28 15-47-48.mp4,False,0.0,0,3,36,0.664
C:\Users\jaysh\TapoVideos\Computer Camera\2026-02-28\2026-02-28 15-48-09.mp4,False,0.03,0,5,40,0.678
C:\Users\jaysh\TapoVideos\Computer Camera\2026-02-28\2026-02-28 15-19-35.mp4,True,0.071,1,16,76,0.752
C:\Users\jaysh\TapoVideos\Computer Camera\2026-02-28\2026-02-28 15-23-48.mp4,True,0.144,5,17,68,0.762
C:\Users\jaysh\TapoVideos\Computer Camera\2026-02-28\2026-02-28 15-43-02.mp4,True,0.446,13,24,60,0.799
C:\Users\jaysh\TapoVideos\Computer Camera\2026-02-28\2026-02-28 15-43-35.mp4,True,0.474,19,23,52,0.792
C:\Users\jaysh\TapoVideos\Computer Camera\2026-02-28\2026-02-28 15-54-44.mp4,False,0.0,0,6,32,0.542
C:\Users\jaysh\TapoVideos\Computer Camera\2026-02-28\2026-02-28 15-49-03.mp4,True,0.122,4,12,72,0.792
C:\Users\jaysh\TapoVideos\Computer Camera\2026-02-28\2026-02-28 15-53-50.mp4,True,0.847,10,18,44,0.804
C:\Users\jaysh\TapoVideos\Computer Camera\2026-02-28\2026-02-28 15-43-58.mp4,True,0.204,6,7,116,0.657
C:\Users\jaysh\TapoVideos\Computer Camera\2026-02-28\2026-02-28 15-53-29.mp4,True,1.0,11,12,48,0.765
C:\Users\jaysh\TapoVideos\Computer Camera\2026-02-28\2026-02-28 15-54-12.mp4,True,0.156,1,8,44,0.75
C:\Users\jaysh\TapoVideos\Computer Camera\2026-02-28\2026-02-28 15-52-38.mp4,True,1.0,6,30,92,0.852
C:\Users\jaysh\TapoVideos\Computer Camera\2026-02-28\2026-02-28 16-40-10.mp4,True,0.092,3,38,132,0.796
C:\Users\jaysh\TapoVideos\Computer Camera\2026-02-28\2026-02-28 15-49-58.mp4,True,0.129,1,3,316,0.708
C:\Users\jaysh\TapoVideos\Computer Camera\2026-02-28\2026-02-28 18-44-37.mp4,True,1.0,38,38,44,0.889
C:\Users\jaysh\TapoVideos\Computer Camera\2026-02-28\2026-02-28 18-45-43.mp4,True,1.0,16,16,32,0.794
C:\Users\jaysh\TapoVideos\Computer Camera\2026-02-28\2026-02-28 18-45-00.mp4,True,1.0,34,34,48,0.807
C:\Users\jaysh\TapoVideos\Computer Camera\2026-02-28\2026-02-28 18-46-04.mp4,True,1.0,40,40,46,0.86
C:\Users\jaysh\TapoVideos\Computer Camera\2026-02-28\2026-02-28 18-47-37.mp4,True,1.0,32,32,32,0.88
C:\Users\jaysh\TapoVideos\Computer Camera\2026-02-28\2026-02-28 18-46-36.mp4,True,1.0,10,10,44,0.707
C:\Users\jaysh\TapoVideos\Computer Camera\2026-02-28\2026-02-28 18-48-16.mp4,True,1.0,29,39,72,0.842
C:\Users\jaysh\TapoVideos\Computer Camera\2026-02-28\2026-02-28 18-55-17.mp4,False,0.0,0,9,32,0.778
C:\Users\jaysh\TapoVideos\Computer Camera\2026-02-28\2026-02-28 18-55-29.mp4,True,0.154,3,24,140,0.814
C:\Users\jaysh\TapoVideos\Computer Camera\2026-02-28\2026-02-28 18-43-46.mp4,True,1.0,52,56,104,0.926
C:\Users\jaysh\TapoVideos\Computer Camera\2026-02-28\2026-02-28 21-43-13.mp4,False,0.0,0,4,36,0.688
C:\Users\jaysh\TapoVideos\Computer Camera\2026-02-28\2026-02-28 21-41-28.mp4,True,1.0,35,41,48,0.911
C:\Users\jaysh\TapoVideos\Computer Camera\2026-02-28\2026-02-28 21-41-53.mp4,True,1.0,62,80,120,0.913
C:\Users\jaysh\TapoVideos\Computer Camera\2026-02-28\2026-02-28 22-35-03.mp4,False,0.0,0,26,48,0.822
C:\Users\jaysh\TapoVideos\Computer Camera\2026-02-28\2026-02-28 22-39-18.mp4,False,0.0,0,3,64,0.685
C:\Users\jaysh\TapoVideos\Computer Camera\2026-02-28\2026-02-28 22-44-53.mp4,False,0.0,0,29,32,0.806
C:\Users\jaysh\TapoVideos\Computer Camera\2026-02-28\2026-02-28 22-44-03.mp4,False,0.013,0,39,76,0.623
C:\Users\jaysh\TapoVideos\Computer Camera\2026-02-28\2026-02-28 22-48-00.mp4,False,0.009,0,4,36,0.755
C:\Users\jaysh\TapoVideos\Computer Camera\2026-02-28\2026-02-28 22-43-11.mp4,True,0.136,2,17,112,0.844
C:\Users\jaysh\TapoVideos\Computer Camera\2026-02-28\2026-02-28 22-44-39.mp4,False,0.0,0,11,32,0.83
C:\Users\jaysh\TapoVideos\Computer Camera\2026-02-28\2026-02-28 22-45-05.mp4,True,1.0,12,30,52,0.939
C:\Users\jaysh\TapoVideos\Computer Camera\2026-02-28\2026-02-28 23-53-59.mp4,False,0.0,0,6,36,0.72
C:\Users\jaysh\TapoVideos\Computer Camera\2026-02-28\2026-02-28 23-39-10.mp4,True,0.066,2,6,40,0.847
C:\Users\jaysh\TapoVideos\Computer Camera\2026-02-28\2026-02-28 22-45-34.mp4,True,1.0,23,25,68,0.902
C:\Users\jaysh\TapoVideos\Computer Camera\2026-03-01\2026-03-01 00-01-38.mp4,False,0.0,0,2,36,0.597
C:\Users\jaysh\TapoVideos\Computer Camera\2026-02-28\2026-02-28 23-41-07.mp4,True,1.0,30,33,72,0.881
C:\Users\jaysh\TapoVideos\Computer Camera\2026-03-01\2026-03-01 00-02-14.mp4,False,0.0,0,7,44,0.887
C:\Users\jaysh\TapoVideos\Computer Camera\2026-02-28\2026-02-28 23-41-53.mp4,True,0.331,6,19,92,0.851
C:\Users\jaysh\TapoVideos\Computer Camera\2026-02-28\2026-02-28 23-53-03.mp4,False,0.0,0,11,44,0.908
C:\Users\jaysh\TapoVideos\Computer Camera\2026-02-28\2026-02-28 23-55-54.mp4,True,0.098,2,11,48,0.826
C:\Users\jaysh\TapoVideos\Computer Camera\2026-03-01\2026-03-01 00-02-43.mp4,True,0.104,3,7,40,0.778
C:\Users\jaysh\TapoVideos\Computer Camera\2026-03-01\2026-03-01 00-02-59.mp4,True,0.087,1,5,44,0.671
C:\Users\jaysh\TapoVideos\Computer Camera\2026-03-01\2026-03-01 00-03-39.mp4,False,0.0,0,2,40,0.67
C:\Users\jaysh\TapoVideos\Computer Camera\2026-02-28\2026-02-28 22-33-29.mp4,True,0.085,7,48,100,0.866
C:\Users\jaysh\TapoVideos\Computer Camera\2026-03-01\2026-03-01 00-03-58.mp4,True,0.462,2,8,44,0.911
C:\Users\jaysh\TapoVideos\Computer Camera\2026-03-01\2026-03-01 00-25-27.mp4,False,0.0,0,1,36,0.776
C:\Users\jaysh\TapoVideos\Computer Camera\2026-02-28\2026-02-28 23-56-23.mp4,True,0.893,35,39,84,0.905
C:\Users\jaysh\TapoVideos\Computer Camera\2026-03-01\2026-03-01 11-48-48.mp4,False,0.0,0,4,32,0.748
C:\Users\jaysh\TapoVideos\Computer Camera\2026-03-01\2026-03-01 00-26-33.mp4,False,0.0,0,10,56,0.708
C:\Users\jaysh\TapoVideos\Computer Camera\2026-03-01\2026-03-01 11-55-13.mp4,False,0.0,0,1,32,0.429
C:\Users\jaysh\TapoVideos\Computer Camera\2026-03-01\2026-03-01 09-23-59.mp4,True,0.791,25,38,68,0.927
C:\Users\jaysh\TapoVideos\Computer Camera\2026-03-01\2026-03-01 11-55-46.mp4,True,0.617,4,6,44,0.9
C:\Users\jaysh\TapoVideos\Computer Camera\2026-03-01\2026-03-01 11-56-04.mp4,True,1.0,5,27,64,0.85
C:\Users\jaysh\TapoVideos\Computer Camera\2026-03-01\2026-03-01 00-28-02.mp4,False,0.0,0,61,112,0.837
C:\Users\jaysh\TapoVideos\Computer Camera\2026-03-01\2026-03-01 11-53-19.mp4,True,1.0,36,64,224,0.917
