path,dog_detected,best_confidence,dog_frame_count,total_frames_checked
C:\Users\jaysh\TapoVideos\Bedroom\2026-02-22\2026-02-22 00-36-12.mp4,False,0.0,0,32
C:\Users\jaysh\TapoVideos\Computer Camera\2026-02-22\2026-02-22 00-31-33.mp4,True,0.88,35,76
C:\Users\jaysh\TapoVideos\Computer Camera\2026-02-22\2026-02-22 00-35-09.mp4,True,0.812,35,92
C:\Users\jaysh\TapoVideos\Computer Camera\2026-02-22\2026-02-22 00-37-07.mp4,True,0.917,53,120
C:\Users\jaysh\TapoVideos\Computer Camera\2026-02-22\2026-02-22 00-38-05.mp4,True,0.899,7,44
C:\Users\jaysh\TapoVideos\Computer Camera\2026-02-22\2026-02-22 00-47-40.mp4,True,0.744,7,36
C:\Users\jaysh\TapoVideos\Computer Camera\2026-02-22\2026-02-22 00-50-35.mp4,True,0.705,11,72
C:\Users\jaysh\TapoVideos\Computer Camera\2026-02-22\2026-02-22 00-51-48.mp4,True,0.786,6,36
C:\Users\jaysh\TapoVideos\Computer Camera\2026-02-22\2026-02-22 01-01-56.mp4,True,0.945,43,100
C:\Users\jaysh\TapoVideos\Computer Camera\2026-02-22\2026-02-22 01-08-11.mp4,True,0.92,26,56
C:\Users\jaysh\TapoVideos\Computer Camera\2026-02-22\2026-02-22 01-08-49.mp4,True,0.899,102,156
C:\Users\jaysh\TapoVideos\Computer Camera\2026-02-22\2026-02-22 01-10-09.mp4,True,0.886,50,108
C:\Users\jaysh\TapoVideos\Computer Camera\2026-02-22\2026-02-22 01-14-29.mp4,True,0.949,34,92
C:\Users\jaysh\TapoVideos\Computer Camera\2026-02-22\2026-02-22 02-04-31.mp4,True,0.871,38,60
C:\Users\jaysh\TapoVideos\Computer Camera\2026-02-22\2026-02-22 02-07-47.mp4,True,0.871,50,72
C:\Users\jaysh\TapoVideos\Computer Camera\2026-02-22\2026-02-22 11-08-22.mp4,True,0.781,1,28
C:\Users\jaysh\TapoVideos\Computer Camera\2026-02-22\2026-02-22 11-08-42.mp4,True,0.567,2,32
C:\Users\jaysh\TapoVideos\Computer Camera\2026-02-22\2026-02-22 12-07-46.mp4,True,0.912,32,72
C:\Users\jaysh\TapoVideos\Computer Camera\2026-02-22\2026-02-22 12-30-43.mp4,True,0.859,19,104
C:\Users\jaysh\TapoVideos\Computer Camera\2026-02-22\2026-02-22 13-08-50.mp4,True,0.718,9,36
C:\Users\jaysh\TapoVideos\Computer Camera\2026-02-22\2026-02-22 13-09-24.mp4,True,0.848,9,72
C:\Users\jaysh\TapoVideos\Computer Camera\2026-02-22\2026-02-22 13-55-21.mp4,True,0.861,6,52
C:\Users\jaysh\TapoVideos\Computer Camera\2026-02-22\2026-02-22 14-04-01.mp4,True,0.898,51,68
C:\Users\jaysh\TapoVideos\Computer Camera\2026-02-22\2026-02-22 14-05-42.mp4,True,0.857,4,32
C:\Users\jaysh\TapoVideos\Computer Camera\2026-02-22\2026-02-22 14-29-20.mp4,True,0.873,49,132
C:\Users\jaysh\TapoVideos\Computer Camera\2026-02-22\2026-02-22 14-30-23.mp4,True,0.871,66,148
C:\Users\jaysh\TapoVideos\Computer Camera\2026-02-22\2026-02-22 14-38-54.mp4,True,0.885,15,40
C:\Users\jaysh\TapoVideos\Computer Camera\2026-02-22\2026-02-22 16-12-40.mp4,True,0.701,27,42
C:\Users\jaysh\TapoVideos\Computer Camera\2026-02-22\2026-02-22 14-47-56.mp4,True,0.838,31,64
C:\Users\jaysh\TapoVideos\Computer Camera\2026-02-22\2026-02-22 14-46-21.mp4,True,0.845,22,72
C:\Users\jaysh\TapoVideos\Computer Camera\2026-02-22\2026-02-22 14-40-26.mp4,True,0.902,64,80
C:\Users\jaysh\TapoVideos\Computer Camera\2026-02-22\2026-02-22 16-26-19.mp4,True,0.869,27,56
C:\Users\jaysh\TapoVideos\Computer Camera\2026-02-22\2026-02-22 16-54-17.mp4,True,0.691,23,36
C:\Users\jaysh\TapoVideos\Computer Camera\2026-02-22\2026-02-22 14-34-34.mp4,True,0.878,47,96
C:\Users\jaysh\TapoVideos\Computer Camera\2026-02-22\2026-02-22 16-54-56.mp4,True,0.803,19,40
C:\Users\jaysh\TapoVideos\Computer Camera\2026-02-22\2026-02-22 16-46-29.mp4,True,0.744,31,76
C:\Users\jaysh\TapoVideos\Computer Camera\2026-02-22\2026-02-22 16-54-36.mp4,True,0.922,40,46
C:\Users\jaysh\TapoVideos\Computer Camera\2026-02-22\2026-02-22 17-06-53.mp4,True,0.838,41,48
C:\Users\jaysh\TapoVideos\Computer Camera\2026-02-22\2026-02-22 16-12-58.mp4,True,0.864,83,140
C:\Users\jaysh\TapoVideos\Computer Camera\2026-02-22\2026-02-22 17-07-17.mp4,True,0.804,59,68
C:\Users\jaysh\TapoVideos\Computer Camera\2026-02-22\2026-02-22 17-38-57.mp4,True,0.847,8,43
C:\Users\jaysh\TapoVideos\Computer Camera\2026-02-22\2026-02-22 17-42-59.mp4,True,0.753,6,36
C:\Users\jaysh\TapoVideos\Computer Camera\2026-02-22\2026-02-22 17-44-30.mp4,True,0.728,5,36
C:\Users\jaysh\TapoVideos\Computer Camera\2026-02-22\2026-02-22 17-53-22.mp4,True,0.666,4,36
C:\Users\jaysh\TapoVideos\Computer Camera\2026-02-22\2026-02-22 17-52-08.mp4,True,0.717,6,40
C:\Users\jaysh\TapoVideos\Computer Camera\2026-02-22\2026-02-22 17-05-48.mp4,True,0.879,128,140
C:\Users\jaysh\TapoVideos\Computer Camera\2026-02-22\2026-02-22 18-21-24.mp4,True,0.815,8,40
C:\Users\jaysh\TapoVideos\Computer Camera\2026-02-22\2026-02-22 18-08-03.mp4,True,0.831,23,60
C:\Users\jaysh\TapoVideos\Computer Camera\2026-02-22\2026-02-22 17-21-52.mp4,True,0.87,28,102
C:\Users\jaysh\TapoVideos\Computer Camera\2026-02-22\2026-02-22 17-07-49.mp4,True,0.901,99,152
C:\Users\jaysh\TapoVideos\Computer Camera\2026-02-22\2026-02-22 16-22-21.mp4,True,0.855,26,220
C:\Users\jaysh\TapoVideos\Computer Camera\2026-02-22\2026-02-22 18-45-17.mp4,True,0.829,22,64
C:\Users\jaysh\TapoVideos\Computer Camera\2026-02-22\2026-02-22 21-56-33.mp4,True,0.879,30,64
C:\Users\jaysh\TapoVideos\Computer Camera\2026-02-22\2026-02-22 14-31-33.mp4,True,0.919,143,264
C:\Users\jaysh\TapoVideos\Computer Camera\2026-02-22\2026-02-22 22-44-57.mp4,True,0.867,8,36
C:\Users\jaysh\TapoVideos\Computer Camera\2026-02-22\2026-02-22 18-56-31.mp4,True,0.88,41,68
C:\Users\jaysh\TapoVideos\Computer Camera\2026-02-22\2026-02-22 16-10-30.mp4,True,0.906,73,272
C:\Users\jaysh\TapoVideos\Computer Camera\2026-02-22\2026-02-22 22-29-14.mp4,True,0.891,24,60
C:\Users\jaysh\TapoVideos\Computer Camera\2026-02-22\2026-02-22 22-33-16.mp4,True,0.82,17,60
C:\Users\jaysh\TapoVideos\Computer Camera\2026-02-22\2026-02-22 22-22-37.mp4,True,0.864,44,84
C:\Users\jaysh\TapoVideos\Computer Camera\2026-02-22\2026-02-22 22-36-07.mp4,True,0.908,40,76
C:\Users\jaysh\TapoVideos\Computer Camera\2026-02-22\2026-02-22 22-56-45.mp4,True,0.86,10,44
C:\Users\jaysh\TapoVideos\Computer Camera\2026-02-22\2026-02-22 23-06-25.mp4,True,0.863,8,44
C:\Users\jaysh\TapoVideos\Computer Camera\2026-02-22\2026-02-22 22-58-17.mp4,True,0.864,18,48
C:\Users\jaysh\TapoVideos\Computer Camera\2026-02-22\2026-02-22 18-57-05.mp4,True,0.774,20,128
C:\Users\jaysh\TapoVideos\Computer Camera\2026-02-22\2026-02-22 23-09-56.mp4,True,0.626,4,36
C:\Users\jaysh\TapoVideos\Computer Camera\2026-02-22\2026-02-22 23-04-14.mp4,True,0.863,15,60
C:\Users\jaysh\TapoVideos\Computer Camera\2026-02-22\2026-02-22 22-33-47.mp4,True,0.89,91,136
C:\Users\jaysh\TapoVideos\Computer Camera\2026-02-22\2026-02-22 23-01-11.mp4,True,0.808,8,72
C:\Users\jaysh\TapoVideos\Computer Camera\2026-02-22\2026-02-22 23-11-49.mp4,True,0.844,18,52
C:\Users\jaysh\TapoVideos\Computer Camera\2026-02-22\2026-02-22 22-45-18.mp4,True,0.923,46,111
C:\Users\jaysh\TapoVideos\Computer Camera\2026-02-22\2026-02-22 23-16-17.mp4,True,0.84,20,36
C:\Users\jaysh\TapoVideos\Computer Camera\2026-02-22\2026-02-22 23-16-48.mp4,True,0.509,17,40
C:\Users\jaysh\TapoVideos\Computer Camera\2026-02-22\2026-02-22 23-17-46.mp4,True,0.562,9,36
C:\Users\jaysh\TapoVideos\Computer Camera\2026-02-22\2026-02-22 22-46-26.mp4,True,0.925,79,103
C:\Users\jaysh\TapoVideos\Computer Camera\2026-02-22\2026-02-22 23-17-22.mp4,True,0.573,18,56
C:\Users\jaysh\TapoVideos\Computer Camera\2026-02-23\2026-02-23 14-03-14.mp4,True,0.888,12,40
C:\Users\jaysh\TapoVideos\Computer Camera\2026-02-23\2026-02-23 14-48-30.mp4,True,0.741,9,36
C:\Users\jaysh\TapoVideos\Computer Camera\2026-02-23\2026-02-23 14-49-27.mp4,True,0.842,32,32
C:\Users\jaysh\TapoVideos\Computer Camera\2026-02-23\2026-02-23 14-02-45.mp4,True,0.895,40,52
C:\Users\jaysh\TapoVideos\Computer Camera\2026-02-22\2026-02-22 23-15-27.mp4,True,0.856,31,84
C:\Users\jaysh\TapoVideos\Computer Camera\2026-02-23\2026-02-23 14-48-55.mp4,True,0.886,41,52
C:\Users\jaysh\TapoVideos\Computer Camera\2026-02-23\2026-02-23 14-51-40.mp4,True,0.832,22,56
C:\Users\jaysh\TapoVideos\Computer Camera\2026-02-23\2026-02-23 17-17-40.mp4,True,0.79,12,32
C:\Users\jaysh\TapoVideos\Computer Camera\2026-02-23\2026-02-23 14-56-05.mp4,True,0.807,8,36
C:\Users\jaysh\TapoVideos\Computer Camera\2026-02-23\2026-02-23 14-50-03.mp4,True,0.796,51,64
C:\Users\jaysh\TapoVideos\Computer Camera\2026-02-23\2026-02-23 16-53-33.mp4,True,0.715,5,52
C:\Users\jaysh\TapoVideos\Computer Camera\2026-02-22\2026-02-22 23-18-33.mp4,True,0.895,53,104
C:\Users\jaysh\TapoVideos\Computer Camera\2026-02-23\2026-02-23 17-29-08.mp4,True,0.828,14,44
C:\Users\jaysh\TapoVideos\Computer Camera\2026-02-23\2026-02-23 17-30-08.mp4,True,0.891,22,52
C:\Users\jaysh\TapoVideos\Computer Camera\2026-02-23\2026-02-23 17-47-22.mp4,True,0.873,6,40
C:\Users\jaysh\TapoVideos\Computer Camera\2026-02-23\2026-02-23 14-50-33.mp4,True,0.703,36,100
C:\Users\jaysh\TapoVideos\Computer Camera\2026-02-23\2026-02-23 18-26-18.mp4,True,0.761,6,48
C:\Users\jaysh\TapoVideos\Computer Camera\2026-02-23\2026-02-23 20-30-42.mp4,True,0.892,36,48
C:\Users\jaysh\TapoVideos\Computer Camera\2026-02-23\2026-02-23 20-34-22.mp4,True,0.818,7,32
C:\Users\jaysh\TapoVideos\Computer Camera\2026-02-23\2026-02-23 20-31-03.mp4,True,0.892,8,50
C:\Users\jaysh\TapoVideos\Computer Camera\2026-02-23\2026-02-23 20-34-37.mp4,True,0.782,5,32
C:\Users\jaysh\TapoVideos\Computer Camera\2026-02-23\2026-02-23 20-35-51.mp4,True,0.898,23,49
C:\Users\jaysh\TapoVideos\Computer Camera\2026-02-23\2026-02-23 20-33-42.mp4,True,0.825,47,64
C:\Users\jaysh\TapoVideos\Computer Camera\2026-02-23\2026-02-23 20-37-13.mp4,True,0.762,28,32
C:\Users\jaysh\TapoVideos\Computer Camera\2026-02-23\2026-02-23 20-38-32.mp4,True,0.568,16,32
C:\Users\jaysh\TapoVideos\Computer Camera\2026-02-23\2026-02-23 20-39-06.mp4,True,0.55,17,36
C:\Users\jaysh\TapoVideos\Computer Camera\2026-02-23\2026-02-23 20-37-37.mp4,True,0.637,22,40
C:\Users\jaysh\TapoVideos\Computer Camera\2026-02-23\2026-02-23 20-35-11.mp4,True,0.893,55,80
C:\Users\jaysh\TapoVideos\Computer Camera\2026-02-23\2026-02-23 20-36-11.mp4,True,0.747,40,72
C:\Users\jaysh\TapoVideos\Computer Camera\2026-02-23\2026-02-23 20-36-43.mp4,True,0.884,59,68
C:\Users\jaysh\TapoVideos\Computer Camera\2026-02-23\2026-02-23 20-40-55.mp4,True,0.855,12,44
C:\Users\jaysh\TapoVideos\Computer Camera\2026-02-24\2026-02-24 00-24-35.mp4,True,0.875,34,48
C:\Users\jaysh\TapoVideos\Computer Camera\2026-02-23\2026-02-23 20-39-20.mp4,True,0.855,26,64
C:\Users\jaysh\TapoVideos\Computer Camera\2026-02-24\2026-02-24 00-25-52.mp4,True,0.761,34,36
C:\Users\jaysh\TapoVideos\Computer Camera\2026-02-24\2026-02-24 00-25-13.mp4,True,0.66,24,40
C:\Users\jaysh\TapoVideos\Computer Camera\2026-02-23\2026-02-23 20-32-22.mp4,True,0.89,50,164
C:\Users\jaysh\TapoVideos\Computer Camera\2026-02-24\2026-02-24 00-26-15.mp4,True,0.725,31,32
C:\Users\jaysh\TapoVideos\Computer Camera\2026-02-23\2026-02-23 22-01-12.mp4,True,0.903,32,80
C:\Users\jaysh\TapoVideos\Computer Camera\2026-02-24\2026-02-24 00-26-27.mp4,True,0.76,31,32
C:\Users\jaysh\TapoVideos\Computer Camera\2026-02-23\2026-02-23 14-52-07.mp4,True,0.941,48,244
C:\Users\jaysh\TapoVideos\Computer Camera\2026-02-24\2026-02-24 00-40-17.mp4,True,0.852,9,44
C:\Users\jaysh\TapoVideos\Computer Camera\2026-02-24\2026-02-24 00-26-42.mp4,True,0.862,19,52
C:\Users\jaysh\TapoVideos\Computer Camera\2026-02-24\2026-02-24 00-40-52.mp4,True,0.739,9,48
C:\Users\jaysh\TapoVideos\Computer Camera\2026-02-24\2026-02-24 00-23-48.mp4,True,0.88,55,100
C:\Users\jaysh\TapoVideos\Computer Camera\2026-02-24\2026-02-24 01-07-41.mp4,True,0.89,12,48
C:\Users\jaysh\TapoVideos\Computer Camera\2026-02-24\2026-02-24 01-08-17.mp4,True,0.827,10,44
C:\Users\jaysh\TapoVideos\Computer Camera\2026-02-24\2026-02-24 00-20-45.mp4,True,0.914,49,136
C:\Users\jaysh\TapoVideos\Computer Camera\2026-02-24\2026-02-24 00-41-15.mp4,True,0.854,16,112
C:\Users\jaysh\TapoVideos\Computer Camera\2026-02-24\2026-02-24 01-24-07.mp4,True,0.807,5,36
C:\Users\jaysh\TapoVideos\Computer Camera\2026-02-24\2026-02-24 01-14-43.mp4,True,0.895,52,80
C:\Users\jaysh\TapoVideos\Computer Camera\2026-02-24\2026-02-24 01-15-20.mp4,True,0.725,7,48
C:\Users\jaysh\TapoVideos\Computer Camera\2026-02-24\2026-02-24 10-16-07.mp4,True,0.895,30,56
C:\Users\jaysh\TapoVideos\Computer Camera\2026-02-24\2026-02-24 16-25-14.mp4,True,0.776,11,40
C:\Users\jaysh\TapoVideos\Computer Camera\2026-02-24\2026-02-24 14-19-13.mp4,True,0.903,44,80
C:\Users\jaysh\TapoVideos\Computer Camera\2026-02-24\2026-02-24 00-47-40.mp4,True,0.925,26,132
C:\Users\jaysh\TapoVideos\Computer Camera\2026-02-24\2026-02-24 16-53-40.mp4,True,0.886,31,32
C:\Users\jaysh\TapoVideos\Computer Camera\2026-02-24\2026-02-24 10-12-51.mp4,True,0.911,47,100
C:\Users\jaysh\TapoVideos\Computer Camera\2026-02-24\2026-02-24 15-51-21.mp4,True,0.902,36,84
C:\Users\jaysh\TapoVideos\Computer Camera\2026-02-24\2026-02-24 16-24-32.mp4,True,0.857,18,60
C:\Users\jaysh\TapoVideos\Computer Camera\2026-02-24\2026-02-24 16-53-56.mp4,True,0.906,30,60
C:\Users\jaysh\TapoVideos\Computer Camera\2026-02-24\2026-02-24 17-02-05.mp4,True,0.92,41,76
C:\Users\jaysh\TapoVideos\Computer Camera\2026-02-24\2026-02-24 19-18-51.mp4,True,0.712,5,36
C:\Users\jaysh\TapoVideos\Computer Camera\2026-02-24\2026-02-24 19-21-02.mp4,True,0.819,12,40
C:\Users\jaysh\TapoVideos\Computer Camera\2026-02-24\2026-02-24 15-53-16.mp4,True,0.921,35,104
C:\Users\jaysh\TapoVideos\Computer Camera\2026-02-24\2026-02-24 19-31-53.mp4,True,0.862,31,36
C:\Users\jaysh\TapoVideos\Computer Camera\2026-02-24\2026-02-24 19-31-33.mp4,True,0.904,41,44
C:\Users\jaysh\TapoVideos\Computer Camera\2026-02-24\2026-02-24 19-32-25.mp4,True,0.842,32,32
C:\Users\jaysh\TapoVideos\Computer Camera\2026-02-24\2026-02-24 20-09-03.mp4,True,0.86,5,40
C:\Users\jaysh\TapoVideos\Computer Camera\2026-02-24\2026-02-24 20-14-12.mp4,True,0.824,4,36
C:\Users\jaysh\TapoVideos\Computer Camera\2026-02-24\2026-02-24 20-10-03.mp4,True,0.895,10,60
C:\Users\jaysh\TapoVideos\Computer Camera\2026-02-24\2026-02-24 17-54-31.mp4,True,0.83,27,116
C:\Users\jaysh\TapoVideos\Computer Camera\2026-02-24\2026-02-24 20-15-32.mp4,True,0.883,3,36
C:\Users\jaysh\TapoVideos\Computer Camera\2026-02-24\2026-02-24 20-13-28.mp4,True,0.851,19,68
C:\Users\jaysh\TapoVideos\Computer Camera\2026-02-24\2026-02-24 19-30-40.mp4,True,0.906,71,116
C:\Users\jaysh\TapoVideos\Computer Camera\2026-02-24\2026-02-24 20-14-46.mp4,True,0.859,4,40
C:\Users\jaysh\TapoVideos\Computer Camera\2026-02-24\2026-02-24 20-11-12.mp4,True,0.845,15,67
C:\Users\jaysh\TapoVideos\Computer Camera\2026-02-24\2026-02-24 14-38-11.mp4,True,0.866,40,196
C:\Users\jaysh\TapoVideos\Computer Camera\2026-02-24\2026-02-24 23-03-56.mp4,True,0.877,19,52
C:\Users\jaysh\TapoVideos\Computer Camera\2026-02-24\2026-02-24 23-20-05.mp4,True,0.858,12,36
C:\Users\jaysh\TapoVideos\Computer Camera\2026-02-24\2026-02-24 19-33-33.mp4,True,0.856,57,92
C:\Users\jaysh\TapoVideos\Computer Camera\2026-02-24\2026-02-24 23-19-49.mp4,True,0.862,28,39
C:\Users\jaysh\TapoVideos\Computer Camera\2026-02-24\2026-02-24 23-20-46.mp4,True,0.851,13,40
C:\Users\jaysh\TapoVideos\Computer Camera\2026-02-24\2026-02-24 23-07-30.mp4,True,0.89,18,60
C:\Users\jaysh\TapoVideos\Computer Camera\2026-02-24\2026-02-24 23-24-04.mp4,True,0.876,44,56
C:\Users\jaysh\TapoVideos\Computer Camera\2026-02-24\2026-02-24 23-09-11.mp4,True,0.864,29,72
C:\Users\jaysh\TapoVideos\Computer Camera\2026-02-24\2026-02-24 23-24-49.mp4,True,0.883,8,40
C:\Users\jaysh\TapoVideos\Computer Camera\2026-02-24\2026-02-24 17-57-00.mp4,True,0.922,144,178
C:\Users\jaysh\TapoVideos\Computer Camera\2026-02-25\2026-02-25 00-02-43.mp4,True,0.852,11,44
C:\Users\jaysh\TapoVideos\Computer Camera\2026-02-25\2026-02-25 00-20-46.mp4,True,0.639,21,32
C:\Users\jaysh\TapoVideos\Computer Camera\2026-02-25\2026-02-25 00-00-32.mp4,True,0.889,32,64
C:\Users\jaysh\TapoVideos\Computer Camera\2026-02-24\2026-02-24 20-45-31.mp4,True,0.905,51,128
C:\Users\jaysh\TapoVideos\Computer Camera\2026-02-25\2026-02-25 00-26-00.mp4,True,0.903,25,40
C:\Users\jaysh\TapoVideos\Computer Camera\2026-02-25\2026-02-25 00-11-54.mp4,True,0.877,47,76
C:\Users\jaysh\TapoVideos\Computer Camera\2026-02-24\2026-02-24 23-08-01.mp4,True,0.896,58,132
C:\Users\jaysh\TapoVideos\Computer Camera\2026-02-25\2026-02-25 00-30-03.mp4,True,0.835,14,40
C:\Users\jaysh\TapoVideos\Computer Camera\2026-02-25\2026-02-25 00-26-24.mp4,True,0.817,15,44
C:\Users\jaysh\TapoVideos\Computer Camera\2026-02-25\2026-02-25 00-22-14.mp4,True,0.826,22,56
C:\Users\jaysh\TapoVideos\Computer Camera\2026-02-25\2026-02-25 00-29-38.mp4,True,0.752,20,36
C:\Users\jaysh\TapoVideos\Computer Camera\2026-02-25\2026-02-25 00-18-56.mp4,True,0.859,38,92
C:\Users\jaysh\TapoVideos\Computer Camera\2026-02-25\2026-02-25 00-21-42.mp4,True,0.939,46,68
C:\Users\jaysh\TapoVideos\Computer Camera\2026-02-25\2026-02-25 10-22-00.mp4,True,0.93,18,48
C:\Users\jaysh\TapoVideos\Computer Camera\2026-02-25\2026-02-25 12-56-52.mp4,True,0.833,15,31
C:\Users\jaysh\TapoVideos\Computer Camera\2026-02-25\2026-02-25 10-50-50.mp4,True,0.93,24,56
C:\Users\jaysh\TapoVideos\Computer Camera\2026-02-25\2026-02-25 12-57-04.mp4,True,0.874,10,36
C:\Users\jaysh\TapoVideos\Computer Camera\2026-02-25\2026-02-25 12-56-22.mp4,True,0.792,4,36
C:\Users\jaysh\TapoVideos\Computer Camera\2026-02-25\2026-02-25 12-57-18.mp4,True,0.909,18,52
C:\Users\jaysh\TapoVideos\Computer Camera\2026-02-25\2026-02-25 12-53-49.mp4,True,0.938,30,64
C:\Users\jaysh\TapoVideos\Computer Camera\2026-02-25\2026-02-25 13-01-52.mp4,True,0.805,8,36
C:\Users\jaysh\TapoVideos\Computer Camera\2026-02-25\2026-02-25 13-03-58.mp4,True,0.683,15,32
C:\Users\jaysh\TapoVideos\Computer Camera\2026-02-25\2026-02-25 13-01-20.mp4,True,0.912,22,64
C:\Users\jaysh\TapoVideos\Computer Camera\2026-02-25\2026-02-25 12-54-33.mp4,True,0.909,15,84
C:\Users\jaysh\TapoVideos\Computer Camera\2026-02-25\2026-02-25 13-04-16.mp4,True,0.935,16,44
C:\Users\jaysh\TapoVideos\Computer Camera\2026-02-25\2026-02-25 12-57-48.mp4,True,0.915,57,88
C:\Users\jaysh\TapoVideos\Computer Camera\2026-02-25\2026-02-25 13-23-21.mp4,True,0.922,46,56
C:\Users\jaysh\TapoVideos\Computer Camera\2026-02-25\2026-02-25 15-51-07.mp4,True,0.905,36,36
C:\Users\jaysh\TapoVideos\Computer Camera\2026-02-25\2026-02-25 15-50-44.mp4,True,0.876,37,48
C:\Users\jaysh\TapoVideos\Computer Camera\2026-02-25\2026-02-25 15-51-33.mp4,True,0.837,40,40
C:\Users\jaysh\TapoVideos\Computer Camera\2026-02-25\2026-02-25 15-55-45.mp4,True,0.87,21,48
C:\Users\jaysh\TapoVideos\Computer Camera\2026-02-25\2026-02-25 15-57-37.mp4,True,0.874,14,36
C:\Users\jaysh\TapoVideos\Computer Camera\2026-02-25\2026-02-25 15-59-46.mp4,True,0.836,8,40
C:\Users\jaysh\TapoVideos\Computer Camera\2026-02-25\2026-02-25 15-53-50.mp4,True,0.838,21,84
C:\Users\jaysh\TapoVideos\Computer Camera\2026-02-25\2026-02-25 13-02-58.mp4,True,0.947,115,124
C:\Users\jaysh\TapoVideos\Computer Camera\2026-02-25\2026-02-25 16-06-10.mp4,True,0.803,32,32
C:\Users\jaysh\TapoVideos\Computer Camera\2026-02-25\2026-02-25 12-52-16.mp4,True,0.873,82,180
C:\Users\jaysh\TapoVideos\Computer Camera\2026-02-25\2026-02-25 16-02-09.mp4,True,0.922,29,84
C:\Users\jaysh\TapoVideos\Computer Camera\2026-02-25\2026-02-25 16-05-37.mp4,True,0.858,65,74
C:\Users\jaysh\TapoVideos\Computer Camera\2026-02-25\2026-02-25 16-23-32.mp4,True,0.818,12,36
C:\Users\jaysh\TapoVideos\Computer Camera\2026-02-25\2026-02-25 15-51-55.mp4,True,0.836,68,160
C:\Users\jaysh\TapoVideos\Computer Camera\2026-02-25\2026-02-25 15-54-33.mp4,True,0.911,137,140
C:\Users\jaysh\TapoVideos\Computer Camera\2026-02-25\2026-02-25 16-08-19.mp4,True,0.908,68,107
C:\Users\jaysh\TapoVideos\Computer Camera\2026-02-25\2026-02-25 16-09-07.mp4,True,0.888,64,92
C:\Users\jaysh\TapoVideos\Computer Camera\2026-02-25\2026-02-25 16-06-25.mp4,True,0.9,101,144
C:\Users\jaysh\TapoVideos\Computer Camera\2026-02-25\2026-02-25 17-27-37.mp4,True,0.825,13,51
C:\Users\jaysh\TapoVideos\Computer Camera\2026-02-25\2026-02-25 16-25-55.mp4,True,0.865,54,140
C:\Users\jaysh\TapoVideos\Computer Camera\2026-02-25\2026-02-25 17-30-05.mp4,True,0.921,26,44
C:\Users\jaysh\TapoVideos\Computer Camera\2026-02-25\2026-02-25 17-21-52.mp4,True,0.907,74,124
C:\Users\jaysh\TapoVideos\Computer Camera\2026-02-25\2026-02-25 17-29-23.mp4,True,0.919,80,80
C:\Users\jaysh\TapoVideos\Computer Camera\2026-02-25\2026-02-25 16-03-22.mp4,True,0.912,144,272
C:\Users\jaysh\TapoVideos\Computer Camera\2026-02-25\2026-02-25 18-41-24.mp4,True,0.871,20,52
C:\Users\jaysh\TapoVideos\Computer Camera\2026-02-25\2026-02-25 16-28-50.mp4,True,0.815,48,212
C:\Users\jaysh\TapoVideos\Computer Camera\2026-02-25\2026-02-25 18-35-23.mp4,True,0.936,37,77
C:\Users\jaysh\TapoVideos\Computer Camera\2026-02-25\2026-02-25 18-40-37.mp4,True,0.809,53,92
C:\Users\jaysh\TapoVideos\Computer Camera\2026-02-25\2026-02-25 18-29-54.mp4,True,0.914,48,112
C:\Users\jaysh\TapoVideos\Computer Camera\2026-02-25\2026-02-25 19-12-19.mp4,True,0.894,6,36
C:\Users\jaysh\TapoVideos\Computer Camera\2026-02-25\2026-02-25 20-25-38.mp4,True,0.836,28,40
C:\Users\jaysh\TapoVideos\Computer Camera\2026-02-25\2026-02-25 19-26-43.mp4,True,0.897,13,96
C:\Users\jaysh\TapoVideos\Computer Camera\2026-02-25\2026-02-25 20-27-22.mp4,True,0.81,16,32
C:\Users\jaysh\TapoVideos\Computer Camera\2026-02-25\2026-02-25 19-33-59.mp4,True,0.854,59,72
C:\Users\jaysh\TapoVideos\Computer Camera\2026-02-25\2026-02-25 20-34-35.mp4,True,0.757,25,36
C:\Users\jaysh\TapoVideos\Computer Camera\2026-02-25\2026-02-25 19-21-31.mp4,True,0.926,27,56
C:\Users\jaysh\TapoVideos\Computer Camera\2026-02-25\2026-02-25 20-34-59.mp4,True,0.859,33,60
C:\Users\jaysh\TapoVideos\Computer Camera\2026-02-25\2026-02-25 20-33-17.mp4,True,0.84,15,88
C:\Users\jaysh\TapoVideos\Computer Camera\2026-02-25\2026-02-25 20-29-29.mp4,True,0.924,61,144
C:\Users\jaysh\TapoVideos\Computer Camera\2026-02-25\2026-02-25 20-30-37.mp4,True,0.924,21,128
C:\Users\jaysh\TapoVideos\Computer Camera\2026-02-25\2026-02-25 20-37-35.mp4,True,0.884,6,48
C:\Users\jaysh\TapoVideos\Computer Camera\2026-02-25\2026-02-25 20-46-03.mp4,True,0.822,34,40
C:\Users\jaysh\TapoVideos\Computer Camera\2026-02-25\2026-02-25 20-45-13.mp4,True,0.844,66,80
C:\Users\jaysh\TapoVideos\Computer Camera\2026-02-25\2026-02-25 20-36-59.mp4,True,0.799,36,80
C:\Users\jaysh\TapoVideos\Computer Camera\2026-02-25\2026-02-25 21-02-10.mp4,True,0.871,32,40
C:\Users\jaysh\TapoVideos\Computer Camera\2026-02-25\2026-02-25 20-58-02.mp4,True,0.898,20,52
C:\Users\jaysh\TapoVideos\Computer Camera\2026-02-25\2026-02-25 20-56-25.mp4,True,0.774,31,68
C:\Users\jaysh\TapoVideos\Computer Camera\2026-02-25\2026-02-25 21-04-08.mp4,True,0.778,8,32
C:\Users\jaysh\TapoVideos\Computer Camera\2026-02-25\2026-02-25 21-03-49.mp4,True,0.806,34,44
C:\Users\jaysh\TapoVideos\Computer Camera\2026-02-25\2026-02-25 21-17-05.mp4,True,0.766,12,48
C:\Users\jaysh\TapoVideos\Computer Camera\2026-02-25\2026-02-25 21-13-02.mp4,True,0.9,25,68
C:\Users\jaysh\TapoVideos\Computer Camera\2026-02-25\2026-02-25 21-28-48.mp4,True,0.847,4,40
C:\Users\jaysh\TapoVideos\Computer Camera\2026-02-25\2026-02-25 21-16-35.mp4,True,0.881,33,68
C:\Users\jaysh\TapoVideos\Computer Camera\2026-02-25\2026-02-25 21-24-24.mp4,True,0.812,15,76
C:\Users\jaysh\TapoVideos\Computer Camera\2026-02-25\2026-02-25 21-39-44.mp4,True,0.87,6,36
C:\Users\jaysh\TapoVideos\Computer Camera\2026-02-25\2026-02-25 21-40-27.mp4,True,0.846,5,32
C:\Users\jaysh\TapoVideos\Computer Camera\2026-02-25\2026-02-25 21-18-54.mp4,True,0.91,28,88
C:\Users\jaysh\TapoVideos\Computer Camera\2026-02-25\2026-02-25 20-44-33.mp4,True,0.896,37,76
C:\Users\jaysh\TapoVideos\Computer Camera\2026-02-25\2026-02-25 21-42-18.mp4,True,0.844,8,40
C:\Users\jaysh\TapoVideos\Computer Camera\2026-02-25\2026-02-25 21-46-27.mp4,True,0.905,27,52
C:\Users\jaysh\TapoVideos\Computer Camera\2026-02-25\2026-02-25 21-44-32.mp4,True,0.775,4,68
C:\Users\jaysh\TapoVideos\Computer Camera\2026-02-25\2026-02-25 21-47-54.mp4,True,0.935,64,80
C:\Users\jaysh\TapoVideos\Computer Camera\2026-02-25\2026-02-25 21-52-35.mp4,True,0.828,6,72
C:\Users\jaysh\TapoVideos\Computer Camera\2026-02-25\2026-02-25 18-27-42.mp4,True,0.899,46,172
C:\Users\jaysh\TapoVideos\Computer Camera\2026-02-25\2026-02-25 22-00-07.mp4,True,0.903,45,80
C:\Users\jaysh\TapoVideos\Computer Camera\2026-02-25\2026-02-25 22-07-01.mp4,True,0.583,4,32
C:\Users\jaysh\TapoVideos\Computer Camera\2026-02-25\2026-02-25 22-06-36.mp4,True,0.872,31,48
C:\Users\jaysh\TapoVideos\Computer Camera\2026-02-25\2026-02-25 22-07-15.mp4,True,0.685,7,44
C:\Users\jaysh\TapoVideos\Computer Camera\2026-02-25\2026-02-25 22-08-47.mp4,True,0.895,33,64
C:\Users\jaysh\TapoVideos\Computer Camera\2026-02-25\2026-02-25 21-48-55.mp4,True,0.89,52,92
C:\Users\jaysh\TapoVideos\Computer Camera\2026-02-26\2026-02-26 01-21-34.mp4,True,0.814,21,60
C:\Users\jaysh\TapoVideos\Computer Camera\2026-02-26\2026-02-26 08-02-01.mp4,True,0.875,12,43
C:\Users\jaysh\TapoVideos\Computer Camera\2026-02-26\2026-02-26 08-02-19.mp4,True,0.882,39,72
C:\Users\jaysh\TapoVideos\Computer Camera\2026-02-25\2026-02-25 21-45-03.mp4,True,0.774,19,176
C:\Users\jaysh\TapoVideos\Computer Camera\2026-02-26\2026-02-26 09-17-17.mp4,True,0.795,4,36
C:\Users\jaysh\TapoVideos\Computer Camera\2026-02-25\2026-02-25 17-28-26.mp4,True,0.921,47,112
C:\Users\jaysh\TapoVideos\Computer Camera\2026-02-26\2026-02-26 08-16-16.mp4,True,0.84,15,40
C:\Users\jaysh\TapoVideos\Computer Camera\2026-02-26\2026-02-26 08-26-53.mp4,True,0.888,30,60
C:\Users\jaysh\TapoVideos\Computer Camera\2026-02-26\2026-02-26 18-19-16.mp4,True,0.904,18,40
C:\Users\jaysh\TapoVideos\Computer Camera\2026-02-26\2026-02-26 18-19-00.mp4,True,0.904,27,36
C:\Users\jaysh\TapoVideos\Computer Camera\2026-02-26\2026-02-26 18-42-48.mp4,True,0.859,38,48
C:\Users\jaysh\TapoVideos\Computer Camera\2026-02-25\2026-02-25 18-30-53.mp4,True,0.931,33,170
C:\Users\jaysh\TapoVideos\Computer Camera\2026-02-26\2026-02-26 18-48-20.mp4,True,0.763,34,72
C:\Users\jaysh\TapoVideos\Computer Camera\2026-02-26\2026-02-26 18-42-19.mp4,True,0.83,59,68
C:\Users\jaysh\TapoVideos\Computer Camera\2026-02-26\2026-02-26 18-50-16.mp4,True,0.862,35,52
C:\Users\jaysh\TapoVideos\Computer Camera\2026-02-25\2026-02-25 22-14-28.mp4,True,0.837,16,36
C:\Users\jaysh\TapoVideos\Computer Camera\2026-02-26\2026-02-26 18-46-32.mp4,True,0.916,55,124
C:\Users\jaysh\TapoVideos\Computer Camera\2026-02-26\2026-02-26 08-02-50.mp4,True,0.907,41,80
C:\Users\jaysh\TapoVideos\Computer Camera\2026-02-25\2026-02-25 17-23-30.mp4,True,0.923,238,300
C:\Users\jaysh\TapoVideos\Computer Camera\2026-02-26\2026-02-26 18-43-22.mp4,True,0.903,42,108
C:\Users\jaysh\TapoVideos\Computer Camera\2026-02-26\2026-02-26 07-57-12.mp4,True,0.801,13,152
C:\Users\jaysh\TapoVideos\Computer Camera\2026-02-26\2026-02-26 19-06-02.mp4,True,0.863,36,76
C:\Users\jaysh\TapoVideos\Computer Camera\2026-02-26\2026-02-26 09-29-09.mp4,True,0.88,27,113
C:\Users\jaysh\TapoVideos\Computer Camera\2026-02-26\2026-02-26 18-49-57.mp4,True,0.881,24,40
C:\Users\jaysh\TapoVideos\Computer Camera\2026-02-26\2026-02-26 19-31-10.mp4,True,0.888,40,84
C:\Users\jaysh\TapoVideos\Computer Camera\2026-02-26\2026-02-26 19-36-13.mp4,True,0.837,35,72
C:\Users\jaysh\TapoVideos\Computer Camera\2026-02-26\2026-02-26 19-06-44.mp4,True,0.832,23,52
C:\Users\jaysh\TapoVideos\Computer Camera\2026-02-26\2026-02-26 19-35-06.mp4,True,0.855,10,72
C:\Users\jaysh\TapoVideos\Computer Camera\2026-02-26\2026-02-26 19-40-03.mp4,True,0.904,12,84
C:\Users\jaysh\TapoVideos\Computer Camera\2026-02-26\2026-02-26 19-20-16.mp4,True,0.91,39,220
C:\Users\jaysh\TapoVideos\Computer Camera\2026-02-26\2026-02-26 20-57-16.mp4,True,0.906,50,52
C:\Users\jaysh\TapoVideos\Computer Camera\2026-02-26\2026-02-26 20-51-18.mp4,True,0.902,60,92
C:\Users\jaysh\TapoVideos\Computer Camera\2026-02-26\2026-02-26 20-58-18.mp4,True,0.886,32,36
C:\Users\jaysh\TapoVideos\Computer Camera\2026-02-26\2026-02-26 19-22-21.mp4,True,0.92,85,144
C:\Users\jaysh\TapoVideos\Computer Camera\2026-02-26\2026-02-26 20-58-43.mp4,True,0.868,43,48
C:\Users\jaysh\TapoVideos\Computer Camera\2026-02-26\2026-02-26 20-57-40.mp4,True,0.919,68,68
C:\Users\jaysh\TapoVideos\Computer Camera\2026-02-26\2026-02-26 20-52-25.mp4,True,0.908,30,88
C:\Users\jaysh\TapoVideos\Computer Camera\2026-02-26\2026-02-26 21-09-18.mp4,True,0.909,22,56
C:\Users\jaysh\TapoVideos\Computer Camera\2026-02-26\2026-02-26 19-24-03.mp4,True,0.878,35,72
C:\Users\jaysh\TapoVideos\Computer Camera\2026-02-26\2026-02-26 21-08-25.mp4,True,0.925,49,68
C:\Users\jaysh\TapoVideos\Computer Camera\2026-02-26\2026-02-26 23-06-30.mp4,True,0.636,29,36
C:\Users\jaysh\TapoVideos\Computer Camera\2026-02-26\2026-02-26 23-07-01.mp4,True,0.846,39,48
C:\Users\jaysh\TapoVideos\Computer Camera\2026-02-26\2026-02-26 20-59-13.mp4,True,0.851,32,104
C:\Users\jaysh\TapoVideos\Computer Camera\2026-02-26\2026-02-26 23-08-04.mp4,True,0.636,27,32
C:\Users\jaysh\TapoVideos\Computer Camera\2026-02-26\2026-02-26 20-54-16.mp4,True,0.915,76,136
C:\Users\jaysh\TapoVideos\Computer Camera\2026-02-26\2026-02-26 23-07-23.mp4,True,0.887,63,84
C:\Users\jaysh\TapoVideos\Computer Camera\2026-02-26\2026-02-26 18-53-27.mp4,True,0.811,11,164
C:\Users\jaysh\TapoVideos\Computer Camera\2026-02-26\2026-02-26 23-10-09.mp4,True,0.874,29,36
C:\Users\jaysh\TapoVideos\Computer Camera\2026-02-26\2026-02-26 23-02-44.mp4,True,0.789,16,156
C:\Users\jaysh\TapoVideos\Computer Camera\2026-02-26\2026-02-26 23-10-30.mp4,True,0.843,44,44
C:\Users\jaysh\TapoVideos\Computer Camera\2026-02-26\2026-02-26 23-11-13.mp4,True,0.807,36,36
C:\Users\jaysh\TapoVideos\Computer Camera\2026-02-26\2026-02-26 20-55-30.mp4,True,0.843,61,191
C:\Users\jaysh\TapoVideos\Computer Camera\2026-02-26\2026-02-26 18-44-36.mp4,True,0.922,122,216
C:\Users\jaysh\TapoVideos\Computer Camera\2026-02-26\2026-02-26 23-10-51.mp4,True,0.891,52,52
C:\Users\jaysh\TapoVideos\Computer Camera\2026-02-26\2026-02-26 23-08-41.mp4,True,0.866,32,72
C:\Users\jaysh\TapoVideos\Computer Camera\2026-02-27\2026-02-27 00-01-39.mp4,False,0.0,0,40
C:\Users\jaysh\TapoVideos\Computer Camera\2026-02-27\2026-02-27 00-01-58.mp4,False,0.0,0,32
C:\Users\jaysh\TapoVideos\Computer Camera\2026-02-27\2026-02-27 00-01-16.mp4,False,0.0,0,54
C:\Users\jaysh\TapoVideos\Computer Camera\2026-02-26\2026-02-26 23-11-35.mp4,True,0.812,14,72
C:\Users\jaysh\TapoVideos\Computer Camera\2026-02-27\2026-02-27 00-02-13.mp4,False,0.0,0,36
C:\Users\jaysh\TapoVideos\Computer Camera\2026-02-27\2026-02-27 00-09-48.mp4,False,0.0,0,36
C:\Users\jaysh\TapoVideos\Computer Camera\2026-02-27\2026-02-27 00-11-28.mp4,False,0.0,0,32
C:\Users\jaysh\TapoVideos\Computer Camera\2026-02-27\2026-02-27 00-10-34.mp4,False,0.0,0,36
C:\Users\jaysh\TapoVideos\Computer Camera\2026-02-27\2026-02-27 00-12-40.mp4,False,0.0,0,36
C:\Users\jaysh\TapoVideos\Computer Camera\2026-02-27\2026-02-27 00-11-11.mp4,False,0.0,0,40
C:\Users\jaysh\TapoVideos\Computer Camera\2026-02-26\2026-02-26 23-03-58.mp4,True,0.857,62,300
C:\Users\jaysh\TapoVideos\Computer Camera\2026-02-27\2026-02-27 09-36-50.mp4,True,0.914,29,36
C:\Users\jaysh\TapoVideos\Computer Camera\2026-02-26\2026-02-26 20-49-18.mp4,True,0.908,77,236
C:\Users\jaysh\TapoVideos\Computer Camera\2026-02-27\2026-02-27 09-45-20.mp4,False,0.0,0,32
C:\Users\jaysh\TapoVideos\Computer Camera\2026-02-27\2026-02-27 09-37-08.mp4,True,0.889,17,44
C:\Users\jaysh\TapoVideos\Computer Camera\2026-02-27\2026-02-27 09-33-38.mp4,False,0.0,0,56
C:\Users\jaysh\TapoVideos\Computer Camera\2026-02-27\2026-02-27 09-45-01.mp4,False,0.0,0,36
C:\Users\jaysh\TapoVideos\Computer Camera\2026-02-27\2026-02-27 09-46-20.mp4,False,0.0,0,32
C:\Users\jaysh\TapoVideos\Computer Camera\2026-02-27\2026-02-27 09-53-36.mp4,False,0.0,0,32
C:\Users\jaysh\TapoVideos\Computer Camera\2026-02-27\2026-02-27 09-46-35.mp4,False,0.0,0,44
C:\Users\jaysh\TapoVideos\Computer Camera\2026-02-27\2026-02-27 09-51-48.mp4,False,0.0,0,40
C:\Users\jaysh\TapoVideos\Computer Camera\2026-02-27\2026-02-27 11-42-38.mp4,True,0.886,7,40
C:\Users\jaysh\TapoVideos\Computer Camera\2026-02-27\2026-02-27 11-42-11.mp4,True,0.867,11,63
C:\Users\jaysh\TapoVideos\Computer Camera\2026-02-27\2026-02-27 11-43-53.mp4,False,0.0,0,44
C:\Users\jaysh\TapoVideos\Computer Camera\2026-02-27\2026-02-27 09-52-53.mp4,True,0.444,1,72
C:\Users\jaysh\TapoVideos\Computer Camera\2026-02-27\2026-02-27 11-46-09.mp4,False,0.0,0,48
C:\Users\jaysh\TapoVideos\Computer Camera\2026-02-27\2026-02-27 11-47-56.mp4,False,0.0,0,36
C:\Users\jaysh\TapoVideos\Computer Camera\2026-02-27\2026-02-27 11-46-41.mp4,False,0.0,0,40
C:\Users\jaysh\TapoVideos\Computer Camera\2026-02-27\2026-02-27 11-42-55.mp4,True,0.89,26,108
C:\Users\jaysh\TapoVideos\Computer Camera\2026-02-27\2026-02-27 11-44-20.mp4,True,0.896,27,88
C:\Users\jaysh\TapoVideos\Computer Camera\2026-02-27\2026-02-27 11-54-54.mp4,False,0.0,0,36
C:\Users\jaysh\TapoVideos\Computer Camera\2026-02-27\2026-02-27 09-52-04.mp4,False,0.0,0,100
C:\Users\jaysh\TapoVideos\Computer Camera\2026-02-27\2026-02-27 11-55-09.mp4,False,0.0,0,36
C:\Users\jaysh\TapoVideos\Computer Camera\2026-02-27\2026-02-27 11-51-31.mp4,True,0.9,26,60
C:\Users\jaysh\TapoVideos\Computer Camera\2026-02-27\2026-02-27 11-56-18.mp4,False,0.0,0,36
C:\Users\jaysh\TapoVideos\Computer Camera\2026-02-27\2026-02-27 11-59-17.mp4,False,0.0,0,40
C:\Users\jaysh\TapoVideos\Computer Camera\2026-02-27\2026-02-27 11-59-34.mp4,False,0.0,0,36
C:\Users\jaysh\TapoVideos\Computer Camera\2026-02-27\2026-02-27 11-48-31.mp4,False,0.0,0,92
C:\Users\jaysh\TapoVideos\Computer Camera\2026-02-27\2026-02-27 12-02-07.mp4,False,0.0,0,36
C:\Users\jaysh\TapoVideos\Computer Camera\2026-02-27\2026-02-27 12-00-28.mp4,False,0.0,0,40
C:\Users\jaysh\TapoVideos\Computer Camera\2026-02-27\2026-02-27 11-58-38.mp4,False,0.0,0,60
C:\Users\jaysh\TapoVideos\Computer Camera\2026-02-27\2026-02-27 11-57-36.mp4,True,0.798,5,72
C:\Users\jaysh\TapoVideos\Computer Camera\2026-02-27\2026-02-27 11-59-50.mp4,False,0.0,0,64
C:\Users\jaysh\TapoVideos\Computer Camera\2026-02-27\2026-02-27 12-00-59.mp4,False,0.0,0,60
C:\Users\jaysh\TapoVideos\Computer Camera\2026-02-27\2026-02-27 12-04-18.mp4,False,0.0,0,60
C:\Users\jaysh\TapoVideos\Computer Camera\2026-02-27\2026-02-27 12-07-16.mp4,False,0.0,0,32
C:\Users\jaysh\TapoVideos\Computer Camera\2026-02-27\2026-02-27 12-05-28.mp4,False,0.0,0,44
C:\Users\jaysh\TapoVideos\Computer Camera\2026-02-27\2026-02-27 12-04-56.mp4,False,0.0,0,56
C:\Users\jaysh\TapoVideos\Computer Camera\2026-02-27\2026-02-27 12-06-20.mp4,False,0.0,0,60
C:\Users\jaysh\TapoVideos\Computer Camera\2026-02-27\2026-02-27 12-07-28.mp4,False,0.0,0,48
C:\Users\jaysh\TapoVideos\Computer Camera\2026-02-27\2026-02-27 12-17-40.mp4,False,0.0,0,52
C:\Users\jaysh\TapoVideos\Computer Camera\2026-02-27\2026-02-27 12-19-09.mp4,True,0.496,1,40
C:\Users\jaysh\TapoVideos\Computer Camera\2026-02-27\2026-02-27 12-21-49.mp4,False,0.0,0,40
C:\Users\jaysh\TapoVideos\Computer Camera\2026-02-27\2026-02-27 12-22-38.mp4,False,0.0,0,36
C:\Users\jaysh\TapoVideos\Computer Camera\2026-02-27\2026-02-27 12-23-15.mp4,False,0.0,0,36
C:\Users\jaysh\TapoVideos\Computer Camera\2026-02-27\2026-02-27 12-22-09.mp4,False,0.0,0,44
C:\Users\jaysh\TapoVideos\Computer Camera\2026-02-27\2026-02-27 12-24-26.mp4,False,0.0,0,36
C:\Users\jaysh\TapoVideos\Computer Camera\2026-02-27\2026-02-27 12-25-01.mp4,False,0.0,0,36
C:\Users\jaysh\TapoVideos\Computer Camera\2026-02-27\2026-02-27 12-25-32.mp4,False,0.0,0,32
C:\Users\jaysh\TapoVideos\Computer Camera\2026-02-27\2026-02-27 12-30-18.mp4,False,0.0,0,32
C:\Users\jaysh\TapoVideos\Computer Camera\2026-02-27\2026-02-27 12-26-25.mp4,False,0.0,0,48
C:\Users\jaysh\TapoVideos\Computer Camera\2026-02-27\2026-02-27 12-18-05.mp4,False,0.0,0,112
C:\Users\jaysh\TapoVideos\Computer Camera\2026-02-27\2026-02-27 12-33-34.mp4,False,0.0,0,32
C:\Users\jaysh\TapoVideos\Computer Camera\2026-02-27\2026-02-27 12-32-30.mp4,True,0.88,27,56
C:\Users\jaysh\TapoVideos\Computer Camera\2026-02-27\2026-02-27 12-31-38.mp4,True,0.908,55,84
C:\Users\jaysh\TapoVideos\Computer Camera\2026-02-27\2026-02-27 12-19-26.mp4,True,0.876,38,124
C:\Users\jaysh\TapoVideos\Computer Camera\2026-02-27\2026-02-27 12-37-30.mp4,False,0.0,0,32
C:\Users\jaysh\TapoVideos\Computer Camera\2026-02-27\2026-02-27 12-36-01.mp4,False,0.0,0,32
C:\Users\jaysh\TapoVideos\Computer Camera\2026-02-27\2026-02-27 12-34-28.mp4,False,0.0,0,48
C:\Users\jaysh\TapoVideos\Computer Camera\2026-02-27\2026-02-27 12-33-51.mp4,False,0.0,0,60
C:\Users\jaysh\TapoVideos\Computer Camera\2026-02-27\2026-02-27 12-40-25.mp4,False,0.0,0,32
C:\Users\jaysh\TapoVideos\Computer Camera\2026-02-27\2026-02-27 12-40-55.mp4,False,0.0,0,32
C:\Users\jaysh\TapoVideos\Computer Camera\2026-02-27\2026-02-27 12-44-02.mp4,False,0.0,0,32
C:\Users\jaysh\TapoVideos\Computer Camera\2026-02-27\2026-02-27 12-38-28.mp4,False,0.0,0,48
C:\Users\jaysh\TapoVideos\Computer Camera\2026-02-27\2026-02-27 12-42-47.mp4,False,0.0,0,36
C:\Users\jaysh\TapoVideos\Computer Camera\2026-02-27\2026-02-27 12-46-14.mp4,True,0.742,5,36
C:\Users\jaysh\TapoVideos\Computer Camera\2026-02-27\2026-02-27 12-27-23.mp4,False,0.0,0,168
C:\Users\jaysh\TapoVideos\Computer Camera\2026-02-27\2026-02-27 12-43-33.mp4,False,0.0,0,48
C:\Users\jaysh\TapoVideos\Computer Camera\2026-02-27\2026-02-27 12-50-27.mp4,False,0.0,0,32
C:\Users\jaysh\TapoVideos\Computer Camera\2026-02-27\2026-02-27 12-38-51.mp4,False,0.0,0,68
C:\Users\jaysh\TapoVideos\Computer Camera\2026-02-27\2026-02-27 12-50-55.mp4,False,0.0,0,36
C:\Users\jaysh\TapoVideos\Computer Camera\2026-02-27\2026-02-27 12-46-46.mp4,True,0.798,28,84
C:\Users\jaysh\TapoVideos\Computer Camera\2026-02-27\2026-02-27 12-51-15.mp4,False,0.0,0,40
C:\Users\jaysh\TapoVideos\Computer Camera\2026-02-27\2026-02-27 12-55-15.mp4,False,0.0,0,36
C:\Users\jaysh\TapoVideos\Computer Camera\2026-02-27\2026-02-27 12-55-37.mp4,False,0.0,0,48
C:\Users\jaysh\TapoVideos\Computer Camera\2026-02-27\2026-02-27 12-59-56.mp4,False,0.0,0,32
C:\Users\jaysh\TapoVideos\Computer Camera\2026-02-27\2026-02-27 12-57-58.mp4,False,0.0,0,44
C:\Users\jaysh\TapoVideos\Computer Camera\2026-02-27\2026-02-27 12-13-29.mp4,True,0.39,1,264
C:\Users\jaysh\TapoVideos\Computer Camera\2026-02-27\2026-02-27 12-54-10.mp4,False,0.0,0,76
C:\Users\jaysh\TapoVideos\Computer Camera\2026-02-27\2026-02-27 13-00-18.mp4,False,0.0,0,30
C:\Users\jaysh\TapoVideos\Computer Camera\2026-02-27\2026-02-27 13-00-31.mp4,False,0.0,0,32
C:\Users\jaysh\TapoVideos\Computer Camera\2026-02-27\2026-02-27 12-57-08.mp4,False,0.0,0,64
C:\Users\jaysh\TapoVideos\Computer Camera\2026-02-27\2026-02-27 13-06-31.mp4,True,0.619,1,32
C:\Users\jaysh\TapoVideos\Computer Camera\2026-02-27\2026-02-27 13-07-22.mp4,True,0.749,25,36
C:\Users\jaysh\TapoVideos\Computer Camera\2026-02-27\2026-02-27 12-58-53.mp4,False,0.0,0,76
C:\Users\jaysh\TapoVideos\Computer Camera\2026-02-27\2026-02-27 13-03-45.mp4,True,0.889,10,44
C:\Users\jaysh\TapoVideos\Computer Camera\2026-02-27\2026-02-27 13-07-39.mp4,True,0.784,35,36
C:\Users\jaysh\TapoVideos\Computer Camera\2026-02-27\2026-02-27 13-01-43.mp4,True,0.699,9,72
C:\Users\jaysh\TapoVideos\Computer Camera\2026-02-27\2026-02-27 13-09-43.mp4,True,0.907,15,36
C:\Users\jaysh\TapoVideos\Computer Camera\2026-02-27\2026-02-27 13-08-53.mp4,True,0.788,29,36
C:\Users\jaysh\TapoVideos\Computer Camera\2026-02-27\2026-02-27 13-16-21.mp4,True,0.766,4,36
C:\Users\jaysh\TapoVideos\Computer Camera\2026-02-27\2026-02-27 13-11-17.mp4,True,0.759,27,64
C:\Users\jaysh\TapoVideos\Computer Camera\2026-02-27\2026-02-27 13-02-24.mp4,True,0.808,10,88
C:\Users\jaysh\TapoVideos\Computer Camera\2026-02-27\2026-02-27 13-17-07.mp4,False,0.0,0,40
C:\Users\jaysh\TapoVideos\Computer Camera\2026-02-27\2026-02-27 13-24-26.mp4,True,0.824,9,36
C:\Users\jaysh\TapoVideos\Computer Camera\2026-02-27\2026-02-27 13-17-23.mp4,True,0.808,5,44
C:\Users\jaysh\TapoVideos\Computer Camera\2026-02-27\2026-02-27 13-08-04.mp4,True,0.879,76,104
C:\Users\jaysh\TapoVideos\Computer Camera\2026-02-27\2026-02-27 13-24-57.mp4,True,0.902,14,40
C:\Users\jaysh\TapoVideos\Computer Camera\2026-02-27\2026-02-27 13-23-50.mp4,True,0.898,33,68
C:\Users\jaysh\TapoVideos\Computer Camera\2026-02-27\2026-02-27 13-27-01.mp4,False,0.0,0,48
C:\Users\jaysh\TapoVideos\Computer Camera\2026-02-27\2026-02-27 13-27-55.mp4,False,0.0,0,40
C:\Users\jaysh\TapoVideos\Computer Camera\2026-02-27\2026-02-27 15-13-58.mp4,False,0.0,0,36
C:\Users\jaysh\TapoVideos\Computer Camera\2026-02-27\2026-02-27 15-11-53.mp4,False,0.0,0,36
C:\Users\jaysh\TapoVideos\Computer Camera\2026-02-27\2026-02-27 15-51-10.mp4,False,0.0,0,36
C:\Users\jaysh\TapoVideos\Computer Camera\2026-02-27\2026-02-27 16-23-19.mp4,False,0.0,0,36
C:\Users\jaysh\TapoVideos\Computer Camera\2026-02-27\2026-02-27 13-25-49.mp4,True,0.902,45,64
C:\Users\jaysh\TapoVideos\Computer Camera\2026-02-27\2026-02-27 17-27-25.mp4,False,0.0,0,32
C:\Users\jaysh\TapoVideos\Computer Camera\2026-02-27\2026-02-27 16-31-23.mp4,False,0.0,0,48
C:\Users\jaysh\TapoVideos\Computer Camera\2026-02-27\2026-02-27 17-26-57.mp4,False,0.0,0,44
C:\Users\jaysh\TapoVideos\Computer Camera\2026-02-27\2026-02-27 17-25-55.mp4,False,0.0,0,52
C:\Users\jaysh\TapoVideos\Computer Camera\2026-02-27\2026-02-27 17-26-35.mp4,False,0.0,0,52
C:\Users\jaysh\TapoVideos\Computer Camera\2026-02-27\2026-02-27 15-50-37.mp4,False,0.0,0,64
C:\Users\jaysh\TapoVideos\Computer Camera\2026-02-27\2026-02-27 17-27-53.mp4,False,0.0,0,32
C:\Users\jaysh\TapoVideos\Computer Camera\2026-02-27\2026-02-27 15-52-47.mp4,False,0.0,0,72
C:\Users\jaysh\TapoVideos\Computer Camera\2026-02-27\2026-02-27 17-28-59.mp4,False,0.0,0,36
C:\Users\jaysh\TapoVideos\Computer Camera\2026-02-27\2026-02-27 17-28-10.mp4,False,0.0,0,44
C:\Users\jaysh\TapoVideos\Computer Camera\2026-02-27\2026-02-27 17-31-24.mp4,False,0.0,0,36
C:\Users\jaysh\TapoVideos\Computer Camera\2026-02-27\2026-02-27 17-34-57.mp4,False,0.0,0,40
C:\Users\jaysh\TapoVideos\Computer Camera\2026-02-27\2026-02-27 17-29-18.mp4,False,0.0,0,40
C:\Users\jaysh\TapoVideos\Computer Camera\2026-02-27\2026-02-27 17-24-20.mp4,False,0.0,0,96
C:\Users\jaysh\TapoVideos\Computer Camera\2026-02-27\2026-02-27 17-30-45.mp4,False,0.0,0,68
C:\Users\jaysh\TapoVideos\Computer Camera\2026-02-27\2026-02-27 17-42-58.mp4,False,0.0,0,32
C:\Users\jaysh\TapoVideos\Computer Camera\2026-02-27\2026-02-27 17-35-15.mp4,False,0.0,0,56
C:\Users\jaysh\TapoVideos\Computer Camera\2026-02-27\2026-02-27 17-33-28.mp4,False,0.0,0,56
C:\Users\jaysh\TapoVideos\Computer Camera\2026-02-27\2026-02-27 17-31-56.mp4,False,0.0,0,88
C:\Users\jaysh\TapoVideos\Computer Camera\2026-02-27\2026-02-27 18-08-47.mp4,False,0.0,0,32
C:\Users\jaysh\TapoVideos\Computer Camera\2026-02-27\2026-02-27 18-07-30.mp4,False,0.0,0,36
C:\Users\jaysh\TapoVideos\Computer Camera\2026-02-27\2026-02-27 18-08-10.mp4,False,0.0,0,36
C:\Users\jaysh\TapoVideos\Computer Camera\2026-02-27\2026-02-27 18-21-00.mp4,False,0.0,0,40
C:\Users\jaysh\TapoVideos\Computer Camera\2026-02-27\2026-02-27 18-11-36.mp4,False,0.0,0,40
C:\Users\jaysh\TapoVideos\Computer Camera\2026-02-27\2026-02-27 18-09-14.mp4,False,0.0,0,48
C:\Users\jaysh\TapoVideos\Computer Camera\2026-02-27\2026-02-27 18-12-05.mp4,False,0.0,0,56
C:\Users\jaysh\TapoVideos\Computer Camera\2026-02-27\2026-02-27 17-29-50.mp4,False,0.0,0,108
C:\Users\jaysh\TapoVideos\Computer Camera\2026-02-27\2026-02-27 18-23-19.mp4,False,0.0,0,44
C:\Users\jaysh\TapoVideos\Computer Camera\2026-02-27\2026-02-27 18-24-27.mp4,False,0.0,0,44
C:\Users\jaysh\TapoVideos\Computer Camera\2026-02-27\2026-02-27 18-24-47.mp4,False,0.0,0,44
C:\Users\jaysh\TapoVideos\Computer Camera\2026-02-27\2026-02-27 18-26-00.mp4,False,0.0,0,44
C:\Users\jaysh\TapoVideos\Computer Camera\2026-02-27\2026-02-27 18-28-15.mp4,False,0.0,0,32
C:\Users\jaysh\TapoVideos\Computer Camera\2026-02-27\2026-02-27 18-26-55.mp4,False,0.0,0,40
C:\Users\jaysh\TapoVideos\Computer Camera\2026-02-27\2026-02-27 18-25-09.mp4,False,0.0,0,68
C:\Users\jaysh\TapoVideos\Computer Camera\2026-02-27\2026-02-27 18-26-19.mp4,False,0.0,0,56
C:\Users\jaysh\TapoVideos\Computer Camera\2026-02-27\2026-02-27 18-21-29.mp4,False,0.0,0,96
C:\Users\jaysh\TapoVideos\Computer Camera\2026-02-27\2026-02-27 18-28-55.mp4,False,0.0,0,52
C:\Users\jaysh\TapoVideos\Computer Camera\2026-02-27\2026-02-27 18-32-40.mp4,False,0.0,0,36
C:\Users\jaysh\TapoVideos\Computer Camera\2026-02-27\2026-02-27 18-33-46.mp4,False,0.0,0,32
C:\Users\jaysh\TapoVideos\Computer Camera\2026-02-27\2026-02-27 18-31-45.mp4,False,0.0,0,44
C:\Users\jaysh\TapoVideos\Computer Camera\2026-02-27\2026-02-27 18-35-02.mp4,False,0.0,0,32
C:\Users\jaysh\TapoVideos\Computer Camera\2026-02-27\2026-02-27 18-31-09.mp4,False,0.0,0,48
C:\Users\jaysh\TapoVideos\Computer Camera\2026-02-27\2026-02-27 18-29-21.mp4,False,0.0,0,68
C:\Users\jaysh\TapoVideos\Computer Camera\2026-02-27\2026-02-27 18-35-15.mp4,False,0.0,0,36
C:\Users\jaysh\TapoVideos\Computer Camera\2026-02-27\2026-02-27 18-30-09.mp4,False,0.0,0,84
C:\Users\jaysh\TapoVideos\Computer Camera\2026-02-27\2026-02-27 18-37-35.mp4,False,0.0,0,44
C:\Users\jaysh\TapoVideos\Computer Camera\2026-02-27\2026-02-27 18-37-59.mp4,False,0.0,0,48
C:\Users\jaysh\TapoVideos\Computer Camera\2026-02-27\2026-02-27 19-18-49.mp4,False,0.0,0,36
C:\Users\jaysh\TapoVideos\Computer Camera\2026-02-27\2026-02-27 19-15-47.mp4,False,0.0,0,40
C:\Users\jaysh\TapoVideos\Computer Camera\2026-02-27\2026-02-27 19-35-53.mp4,False,0.0,0,36
C:\Users\jaysh\TapoVideos\Computer Camera\2026-02-27\2026-02-27 18-38-25.mp4,False,0.0,0,52
C:\Users\jaysh\TapoVideos\Computer Camera\2026-02-27\2026-02-27 18-38-53.mp4,False,0.0,0,52
C:\Users\jaysh\TapoVideos\Computer Camera\2026-02-27\2026-02-27 19-36-50.mp4,False,0.0,0,36
C:\Users\jaysh\TapoVideos\Computer Camera\2026-02-27\2026-02-27 19-37-33.mp4,False,0.0,0,40
C:\Users\jaysh\TapoVideos\Computer Camera\2026-02-27\2026-02-27 18-36-44.mp4,False,0.0,0,92
C:\Users\jaysh\TapoVideos\Computer Camera\2026-02-27\2026-02-27 19-38-12.mp4,False,0.0,0,36
C:\Users\jaysh\TapoVideos\Computer Camera\2026-02-27\2026-02-27 18-40-01.mp4,False,0.0,0,80
C:\Users\jaysh\TapoVideos\Computer Camera\2026-02-27\2026-02-27 19-38-35.mp4,True,0.576,4,36
C:\Users\jaysh\TapoVideos\Computer Camera\2026-02-27\2026-02-27 19-39-02.mp4,False,0.0,0,36
C:\Users\jaysh\TapoVideos\Computer Camera\2026-02-27\2026-02-27 19-40-03.mp4,True,0.887,29,37
C:\Users\jaysh\TapoVideos\Computer Camera\2026-02-27\2026-02-27 19-40-55.mp4,True,0.865,10,42
C:\Users\jaysh\TapoVideos\Computer Camera\2026-02-27\2026-02-27 19-40-17.mp4,True,0.862,37,48
C:\Users\jaysh\TapoVideos\Computer Camera\2026-02-27\2026-02-27 19-45-08.mp4,False,0.0,0,32
C:\Users\jaysh\TapoVideos\Computer Camera\2026-02-27\2026-02-27 19-54-19.mp4,False,0.0,0,40
C:\Users\jaysh\TapoVideos\Computer Camera\2026-02-27\2026-02-27 19-49-11.mp4,False,0.0,0,40
C:\Users\jaysh\TapoVideos\Computer Camera\2026-02-27\2026-02-27 19-41-48.mp4,False,0.0,0,68
C:\Users\jaysh\TapoVideos\Computer Camera\2026-02-27\2026-02-27 19-39-21.mp4,True,0.764,4,84
C:\Users\jaysh\TapoVideos\Computer Camera\2026-02-27\2026-02-27 19-53-52.mp4,False,0.0,0,48
C:\Users\jaysh\TapoVideos\Computer Camera\2026-02-27\2026-02-27 19-55-09.mp4,True,0.585,4,36
C:\Users\jaysh\TapoVideos\Computer Camera\2026-02-27\2026-02-27 19-47-30.mp4,False,0.0,0,52
C:\Users\jaysh\TapoVideos\Computer Camera\2026-02-27\2026-02-27 19-59-19.mp4,False,0.0,0,48
C:\Users\jaysh\TapoVideos\Computer Camera\2026-02-27\2026-02-27 20-02-13.mp4,False,0.0,0,32
C:\Users\jaysh\TapoVideos\Computer Camera\2026-02-27\2026-02-27 20-04-58.mp4,True,0.606,8,36
C:\Users\jaysh\TapoVideos\Computer Camera\2026-02-27\2026-02-27 20-37-26.mp4,False,0.0,0,32
C:\Users\jaysh\TapoVideos\Computer Camera\2026-02-27\2026-02-27 19-42-21.mp4,False,0.0,0,88
C:\Users\jaysh\TapoVideos\Computer Camera\2026-02-27\2026-02-27 20-01-30.mp4,False,0.0,0,60
C:\Users\jaysh\TapoVideos\Computer Camera\2026-02-27\2026-02-27 20-40-35.mp4,False,0.0,0,32
C:\Users\jaysh\TapoVideos\Computer Camera\2026-02-27\2026-02-27 20-37-49.mp4,False,0.0,0,32
C:\Users\jaysh\TapoVideos\Computer Camera\2026-02-27\2026-02-27 20-44-24.mp4,False,0.0,0,36
C:\Users\jaysh\TapoVideos\Computer Camera\2026-02-27\2026-02-27 20-42-49.mp4,False,0.0,0,36
C:\Users\jaysh\TapoVideos\Computer Camera\2026-02-27\2026-02-27 20-34-30.mp4,False,0.0,0,52
C:\Users\jaysh\TapoVideos\Computer Camera\2026-02-27\2026-02-27 20-45-56.mp4,False,0.0,0,32
C:\Users\jaysh\TapoVideos\Computer Camera\2026-02-27\2026-02-27 20-53-29.mp4,False,0.0,0,36
C:\Users\jaysh\TapoVideos\Computer Camera\2026-02-27\2026-02-27 21-12-40.mp4,False,0.0,0,32
C:\Users\jaysh\TapoVideos\Computer Camera\2026-02-27\2026-02-27 21-21-32.mp4,False,0.0,0,32
C:\Users\jaysh\TapoVideos\Computer Camera\2026-02-27\2026-02-27 21-17-13.mp4,False,0.0,0,32
C:\Users\jaysh\TapoVideos\Computer Camera\2026-02-27\2026-02-27 21-02-16.mp4,False,0.0,0,40
C:\Users\jaysh\TapoVideos\Computer Camera\2026-02-27\2026-02-27 21-23-24.mp4,True,0.451,3,32
C:\Users\jaysh\TapoVideos\Computer Camera\2026-02-27\2026-02-27 21-02-51.mp4,True,0.4,1,40
C:\Users\jaysh\TapoVideos\Computer Camera\2026-02-27\2026-02-27 21-23-54.mp4,True,0.702,1,36
C:\Users\jaysh\TapoVideos\Computer Camera\2026-02-27\2026-02-27 21-05-57.mp4,False,0.0,0,44
C:\Users\jaysh\TapoVideos\Computer Camera\2026-02-27\2026-02-27 21-27-32.mp4,False,0.0,0,32
C:\Users\jaysh\TapoVideos\Computer Camera\2026-02-27\2026-02-27 21-28-11.mp4,False,0.0,0,36
C:\Users\jaysh\TapoVideos\Computer Camera\2026-02-27\2026-02-27 21-30-00.mp4,False,0.0,0,32
C:\Users\jaysh\TapoVideos\Computer Camera\2026-02-27\2026-02-27 21-41-00.mp4,True,0.402,1,32
C:\Users\jaysh\TapoVideos\Computer Camera\2026-02-27\2026-02-27 21-28-33.mp4,True,0.53,1,36
C:\Users\jaysh\TapoVideos\Computer Camera\2026-02-27\2026-02-27 21-41-20.mp4,False,0.0,0,40
C:\Users\jaysh\TapoVideos\Computer Camera\2026-02-27\2026-02-27 21-41-40.mp4,False,0.0,0,40
C:\Users\jaysh\TapoVideos\Computer Camera\2026-02-27\2026-02-27 21-16-01.mp4,True,0.587,1,88
C:\Users\jaysh\TapoVideos\Computer Camera\2026-02-27\2026-02-27 22-04-36.mp4,False,0.0,0,44
C:\Users\jaysh\TapoVideos\Computer Camera\2026-02-27\2026-02-27 22-05-10.mp4,False,0.0,0,44
C:\Users\jaysh\TapoVideos\Computer Camera\2026-02-27\2026-02-27 21-36-45.mp4,False,0.0,0,52
C:\Users\jaysh\TapoVideos\Computer Camera\2026-02-27\2026-02-27 22-05-40.mp4,False,0.0,0,32
C:\Users\jaysh\TapoVideos\Computer Camera\2026-02-27\2026-02-27 22-07-59.mp4,False,0.0,0,36
C:\Users\jaysh\TapoVideos\Computer Camera\2026-02-27\2026-02-27 22-06-14.mp4,False,0.0,0,40
C:\Users\jaysh\TapoVideos\Computer Camera\2026-02-27\2026-02-27 22-09-07.mp4,False,0.0,0,36
C:\Users\jaysh\TapoVideos\Computer Camera\2026-02-27\2026-02-27 22-12-32.mp4,False,0.0,0,36
C:\Users\jaysh\TapoVideos\Computer Camera\2026-02-27\2026-02-27 22-42-45.mp4,False,0.0,0,32
C:\Users\jaysh\TapoVideos\Computer Camera\2026-02-27\2026-02-27 22-45-18.mp4,False,0.0,0,36
C:\Users\jaysh\TapoVideos\Computer Camera\2026-02-27\2026-02-27 22-53-46.mp4,True,0.522,8,36
C:\Users\jaysh\TapoVideos\Computer Camera\2026-02-27\2026-02-27 22-06-44.mp4,False,0.0,0,56
C:\Users\jaysh\TapoVideos\Computer Camera\2026-02-27\2026-02-27 22-42-19.mp4,False,0.0,0,48
C:\Users\jaysh\TapoVideos\Computer Camera\2026-02-27\2026-02-27 22-53-25.mp4,True,0.897,31,48
C:\Users\jaysh\TapoVideos\Computer Camera\2026-02-27\2026-02-27 22-58-09.mp4,False,0.0,0,40
C:\Users\jaysh\TapoVideos\Computer Camera\2026-02-27\2026-02-27 22-56-07.mp4,False,0.0,0,44
C:\Users\jaysh\TapoVideos\Computer Camera\2026-02-27\2026-02-27 23-02-08.mp4,True,0.579,8,32
C:\Users\jaysh\TapoVideos\Computer Camera\2026-02-27\2026-02-27 22-56-29.mp4,False,0.0,0,48
C:\Users\jaysh\TapoVideos\Computer Camera\2026-02-27\2026-02-27 23-01-22.mp4,True,0.615,11,36
C:\Users\jaysh\TapoVideos\Computer Camera\2026-02-27\2026-02-27 22-55-15.mp4,False,0.0,0,56
C:\Users\jaysh\TapoVideos\Computer Camera\2026-02-27\2026-02-27 23-03-20.mp4,True,0.857,15,48
C:\Users\jaysh\TapoVideos\Computer Camera\2026-02-27\2026-02-27 22-51-22.mp4,True,0.885,51,92
C:\Users\jaysh\TapoVideos\Computer Camera\2026-02-27\2026-02-27 22-58-58.mp4,True,0.896,38,64
C:\Users\jaysh\TapoVideos\Computer Camera\2026-02-27\2026-02-27 23-12-38.mp4,True,0.812,47,54
C:\Users\jaysh\TapoVideos\Computer Camera\2026-02-27\2026-02-27 23-15-56.mp4,True,0.907,13,40
C:\Users\jaysh\TapoVideos\Computer Camera\2026-02-27\2026-02-27 23-17-47.mp4,False,0.0,0,36
C:\Users\jaysh\TapoVideos\Computer Camera\2026-02-27\2026-02-27 23-27-25.mp4,False,0.0,0,32
C:\Users\jaysh\TapoVideos\Computer Camera\2026-02-27\2026-02-27 23-16-21.mp4,True,0.794,38,58
C:\Users\jaysh\TapoVideos\Computer Camera\2026-02-27\2026-02-27 23-27-51.mp4,False,0.0,0,48
C:\Users\jaysh\TapoVideos\Computer Camera\2026-02-27\2026-02-27 23-14-40.mp4,True,0.885,24,72
C:\Users\jaysh\TapoVideos\Computer Camera\2026-02-27\2026-02-27 23-16-46.mp4,True,0.873,31,68
C:\Users\jaysh\TapoVideos\Computer Camera\2026-02-27\2026-02-27 23-28-22.mp4,False,0.0,0,40
C:\Users\jaysh\TapoVideos\Computer Camera\2026-02-27\2026-02-27 23-28-43.mp4,False,0.0,0,36
C:\Users\jaysh\TapoVideos\Computer Camera\2026-02-27\2026-02-27 23-29-22.mp4,False,0.0,0,36
C:\Users\jaysh\TapoVideos\Computer Camera\2026-02-28\2026-02-28 00-50-06.mp4,True,0.802,3,32
C:\Users\jaysh\TapoVideos\Computer Camera\2026-02-27\2026-02-27 23-13-01.mp4,True,0.889,34,108
C:\Users\jaysh\TapoVideos\Computer Camera\2026-02-28\2026-02-28 00-53-53.mp4,False,0.0,0,36
C:\Users\jaysh\TapoVideos\Computer Camera\2026-02-28\2026-02-28 00-53-35.mp4,False,0.0,0,44
C:\Users\jaysh\TapoVideos\Computer Camera\2026-02-28\2026-02-28 00-59-25.mp4,True,0.684,1,32
C:\Users\jaysh\TapoVideos\Computer Camera\2026-02-27\2026-02-27 23-24-02.mp4,True,0.92,61,108
C:\Users\jaysh\TapoVideos\Computer Camera\2026-02-28\2026-02-28 01-01-30.mp4,False,0.0,0,36
C:\Users\jaysh\TapoVideos\Computer Camera\2026-02-28\2026-02-28 00-58-28.mp4,False,0.0,0,44
C:\Users\jaysh\TapoVideos\Computer Camera\2026-02-28\2026-02-28 00-58-07.mp4,False,0.0,0,50
C:\Users\jaysh\TapoVideos\Computer Camera\2026-02-28\2026-02-28 01-04-14.mp4,False,0.0,0,40
C:\Users\jaysh\TapoVideos\Computer Camera\2026-02-27\2026-02-27 22-59-36.mp4,True,0.822,70,212
C:\Users\jaysh\TapoVideos\Computer Camera\2026-02-28\2026-02-28 00-54-12.mp4,False,0.0,0,64
C:\Users\jaysh\TapoVideos\Computer Camera\2026-02-28\2026-02-28 01-04-55.mp4,False,0.0,0,48
C:\Users\jaysh\TapoVideos\Computer Camera\2026-02-28\2026-02-28 01-35-12.mp4,True,0.687,4,28
C:\Users\jaysh\TapoVideos\Computer Camera\2026-02-28\2026-02-28 01-48-50.mp4,False,0.0,0,32
C:\Users\jaysh\TapoVideos\Computer Camera\2026-02-28\2026-02-28 01-57-25.mp4,False,0.0,0,32
C:\Users\jaysh\TapoVideos\Computer Camera\2026-02-28\2026-02-28 01-23-49.mp4,True,0.851,45,54
C:\Users\jaysh\TapoVideos\Computer Camera\2026-02-28\2026-02-28 10-54-36.mp4,False,0.0,0,32
C:\Users\jaysh\TapoVideos\Computer Camera\2026-02-28\2026-02-28 01-24-12.mp4,True,0.909,32,60
C:\Users\jaysh\TapoVideos\Computer Camera\2026-02-28\2026-02-28 01-57-41.mp4,True,0.889,15,44
C:\Users\jaysh\TapoVideos\Computer Camera\2026-02-28\2026-02-28 10-56-47.mp4,False,0.0,0,32
C:\Users\jaysh\TapoVideos\Computer Camera\2026-02-28\2026-02-28 10-47-36.mp4,False,0.0,0,52
C:\Users\jaysh\TapoVideos\Computer Camera\2026-02-28\2026-02-28 01-58-03.mp4,True,0.818,9,60
C:\Users\jaysh\TapoVideos\Computer Camera\2026-02-28\2026-02-28 10-55-49.mp4,True,0.659,2,36
C:\Users\jaysh\TapoVideos\Computer Camera\2026-02-28\2026-02-28 01-07-03.mp4,False,0.0,0,92
C:\Users\jaysh\TapoVideos\Computer Camera\2026-02-28\2026-02-28 11-08-07.mp4,True,0.726,2,52
C:\Users\jaysh\TapoVideos\Computer Camera\2026-02-28\2026-02-28 11-10-25.mp4,False,0.0,0,40
C:\Users\jaysh\TapoVideos\Computer Camera\2026-02-28\2026-02-28 11-11-00.mp4,True,0.854,15,36
C:\Users\jaysh\TapoVideos\Computer Camera\2026-02-28\2026-02-28 11-11-20.mp4,True,0.829,6,44
C:\Users\jaysh\TapoVideos\Computer Camera\2026-02-28\2026-02-28 11-12-08.mp4,False,0.0,0,32
C:\Users\jaysh\TapoVideos\Computer Camera\2026-02-28\2026-02-28 11-14-14.mp4,True,0.87,31,32
C:\Users\jaysh\TapoVideos\Computer Camera\2026-02-28\2026-02-28 11-11-39.mp4,True,0.819,4,44
C:\Users\jaysh\TapoVideos\Computer Camera\2026-02-28\2026-02-28 11-09-14.mp4,True,0.913,15,84
C:\Users\jaysh\TapoVideos\Computer Camera\2026-02-28\2026-02-28 11-12-51.mp4,True,0.887,46,60
C:\Users\jaysh\TapoVideos\Computer Camera\2026-02-28\2026-02-28 11-12-19.mp4,True,0.895,27,64
C:\Users\jaysh\TapoVideos\Computer Camera\2026-02-28\2026-02-28 11-18-14.mp4,True,0.785,14,36
C:\Users\jaysh\TapoVideos\Computer Camera\2026-02-28\2026-02-28 11-16-12.mp4,True,0.917,60,60
C:\Users\jaysh\TapoVideos\Computer Camera\2026-02-28\2026-02-28 11-18-51.mp4,True,0.424,1,36
C:\Users\jaysh\TapoVideos\Computer Camera\2026-02-28\2026-02-28 11-19-16.mp4,True,0.798,17,36
C:\Users\jaysh\TapoVideos\Computer Camera\2026-02-28\2026-02-28 11-19-31.mp4,True,0.884,16,40
C:\Users\jaysh\TapoVideos\Computer Camera\2026-02-28\2026-02-28 11-39-39.mp4,True,0.888,7,40
C:\Users\jaysh\TapoVideos\Computer Camera\2026-02-28\2026-02-28 12-01-32.mp4,False,0.0,0,36
C:\Users\jaysh\TapoVideos\Computer Camera\2026-02-28\2026-02-28 12-41-11.mp4,False,0.0,0,32
C:\Users\jaysh\TapoVideos\Computer Camera\2026-02-28\2026-02-28 11-16-39.mp4,True,0.897,76,76
C:\Users\jaysh\TapoVideos\Computer Camera\2026-02-28\2026-02-28 11-17-14.mp4,True,0.884,49,72
C:\Users\jaysh\TapoVideos\Computer Camera\2026-02-28\2026-02-28 12-42-41.mp4,False,0.0,0,36
C:\Users\jaysh\TapoVideos\Computer Camera\2026-02-28\2026-02-28 12-48-51.mp4,False,0.0,0,36
C:\Users\jaysh\TapoVideos\Computer Camera\2026-02-28\2026-02-28 12-49-54.mp4,False,0.0,0,35
C:\Users\jaysh\TapoVideos\Computer Camera\2026-02-28\2026-02-28 12-52-55.mp4,True,0.627,1,44
C:\Users\jaysh\TapoVideos\Computer Camera\2026-02-28\2026-02-28 12-54-08.mp4,True,0.802,1,44
C:\Users\jaysh\TapoVideos\Computer Camera\2026-02-28\2026-02-28 12-56-16.mp4,True,0.603,1,36
C:\Users\jaysh\TapoVideos\Computer Camera\2026-02-28\2026-02-28 12-49-05.mp4,True,0.655,2,68
C:\Users\jaysh\TapoVideos\Computer Camera\2026-02-28\2026-02-28 13-02-00.mp4,False,0.0,0,36
C:\Users\jaysh\TapoVideos\Computer Camera\2026-02-28\2026-02-28 13-03-29.mp4,True,0.896,7,36
C:\Users\jaysh\TapoVideos\Computer Camera\2026-02-28\2026-02-28 13-02-19.mp4,True,0.811,4,36
C:\Users\jaysh\TapoVideos\Computer Camera\2026-02-28\2026-02-28 13-01-37.mp4,False,0.0,0,52
C:\Users\jaysh\TapoVideos\Computer Camera\2026-02-28\2026-02-28 12-50-13.mp4,False,0.0,0,84
C:\Users\jaysh\TapoVideos\Computer Camera\2026-02-28\2026-02-28 13-04-41.mp4,True,0.766,2,44
C:\Users\jaysh\TapoVideos\Computer Camera\2026-02-28\2026-02-28 13-06-01.mp4,False,0.0,0,36
C:\Users\jaysh\TapoVideos\Computer Camera\2026-02-28\2026-02-28 13-02-59.mp4,True,0.87,32,68
C:\Users\jaysh\TapoVideos\Computer Camera\2026-02-28\2026-02-28 13-08-16.mp4,True,0.84,10,36
C:\Users\jaysh\TapoVideos\Computer Camera\2026-02-28\2026-02-28 13-08-02.mp4,True,0.877,22,36
C:\Users\jaysh\TapoVideos\Computer Camera\2026-02-28\2026-02-28 13-05-02.mp4,True,0.412,1,52
C:\Users\jaysh\TapoVideos\Computer Camera\2026-02-28\2026-02-28 13-08-36.mp4,True,0.808,6,44
C:\Users\jaysh\TapoVideos\Computer Camera\2026-02-28\2026-02-28 13-03-50.mp4,True,0.902,44,100
C:\Users\jaysh\TapoVideos\Computer Camera\2026-02-28\2026-02-28 13-18-00.mp4,False,0.0,0,40
C:\Users\jaysh\TapoVideos\Computer Camera\2026-02-28\2026-02-28 13-27-04.mp4,True,0.712,25,32
C:\Users\jaysh\TapoVideos\Computer Camera\2026-02-28\2026-02-28 13-23-35.mp4,False,0.0,0,36
C:\Users\jaysh\TapoVideos\Computer Camera\2026-02-28\2026-02-28 13-18-37.mp4,False,0.0,0,40
C:\Users\jaysh\TapoVideos\Computer Camera\2026-02-28\2026-02-28 13-25-24.mp4,False,0.0,0,40
C:\Users\jaysh\TapoVideos\Computer Camera\2026-02-28\2026-02-28 13-18-17.mp4,False,0.0,0,48
C:\Users\jaysh\TapoVideos\Computer Camera\2026-02-28\2026-02-28 13-24-20.mp4,False,0.0,0,60
C:\Users\jaysh\TapoVideos\Computer Camera\2026-02-28\2026-02-28 13-27-17.mp4,True,0.834,15,56
C:\Users\jaysh\TapoVideos\Computer Camera\2026-02-28\2026-02-28 13-29-05.mp4,True,0.89,6,32
C:\Users\jaysh\TapoVideos\Computer Camera\2026-02-28\2026-02-28 13-28-43.mp4,True,0.89,27,53
C:\Users\jaysh\TapoVideos\Computer Camera\2026-02-28\2026-02-28 13-09-26.mp4,True,0.802,17,96
C:\Users\jaysh\TapoVideos\Computer Camera\2026-02-28\2026-02-28 13-31-22.mp4,True,0.439,1,36
C:\Users\jaysh\TapoVideos\Computer Camera\2026-02-28\2026-02-28 13-31-39.mp4,True,0.943,29,36
C:\Users\jaysh\TapoVideos\Computer Camera\2026-02-28\2026-02-28 13-34-13.mp4,False,0.0,0,32
C:\Users\jaysh\TapoVideos\Computer Camera\2026-02-28\2026-02-28 13-35-45.mp4,False,0.0,0,32
C:\Users\jaysh\TapoVideos\Computer Camera\2026-02-28\2026-02-28 13-34-26.mp4,False,0.0,0,36
C:\Users\jaysh\TapoVideos\Computer Camera\2026-02-28\2026-02-28 13-35-09.mp4,False,0.0,0,36
C:\Users\jaysh\TapoVideos\Computer Camera\2026-02-28\2026-02-28 13-30-48.mp4,False,0.0,0,68
C:\Users\jaysh\TapoVideos\Computer Camera\2026-02-28\2026-02-28 13-34-51.mp4,False,0.0,0,40
C:\Users\jaysh\TapoVideos\Computer Camera\2026-02-28\2026-02-28 13-36-13.mp4,False,0.0,0,32
C:\Users\jaysh\TapoVideos\Computer Camera\2026-02-28\2026-02-28 13-33-29.mp4,True,0.875,42,96
C:\Users\jaysh\TapoVideos\Computer Camera\2026-02-28\2026-02-28 13-37-27.mp4,True,0.885,35,36
C:\Users\jaysh\TapoVideos\Computer Camera\2026-02-28\2026-02-28 13-37-45.mp4,True,0.732,3,36
C:\Users\jaysh\TapoVideos\Computer Camera\2026-02-28\2026-02-28 13-39-31.mp4,True,0.831,4,40
C:\Users\jaysh\TapoVideos\Computer Camera\2026-02-28\2026-02-28 13-39-07.mp4,True,0.923,12,44
C:\Users\jaysh\TapoVideos\Computer Camera\2026-02-28\2026-02-28 13-36-29.mp4,True,0.912,38,68
C:\Users\jaysh\TapoVideos\Computer Camera\2026-02-28\2026-02-28 13-40-38.mp4,False,0.0,0,32
C:\Users\jaysh\TapoVideos\Computer Camera\2026-02-28\2026-02-28 13-37-05.mp4,True,0.887,31,55
C:\Users\jaysh\TapoVideos\Computer Camera\2026-02-28\2026-02-28 13-31-57.mp4,True,0.908,114,188
C:\Users\jaysh\TapoVideos\Computer Camera\2026-02-28\2026-02-28 13-40-09.mp4,True,0.897,26,56
C:\Users\jaysh\TapoVideos\Computer Camera\2026-02-28\2026-02-28 13-29-36.mp4,True,0.925,47,156
C:\Users\jaysh\TapoVideos\Computer Camera\2026-02-28\2026-02-28 13-42-58.mp4,False,0.0,0,40
C:\Users\jaysh\TapoVideos\Computer Camera\2026-02-28\2026-02-28 13-41-01.mp4,True,0.926,20,56
C:\Users\jaysh\TapoVideos\Computer Camera\2026-02-28\2026-02-28 13-42-25.mp4,False,0.0,0,72
C:\Users\jaysh\TapoVideos\Computer Camera\2026-02-28\2026-02-28 13-41-41.mp4,False,0.0,0,80
C:\Users\jaysh\TapoVideos\Computer Camera\2026-02-28\2026-02-28 13-45-28.mp4,True,0.915,31,32
C:\Users\jaysh\TapoVideos\Computer Camera\2026-02-28\2026-02-28 13-44-00.mp4,True,0.929,68,68
C:\Users\jaysh\TapoVideos\Computer Camera\2026-02-28\2026-02-28 13-38-02.mp4,True,0.927,106,124
C:\Users\jaysh\TapoVideos\Computer Camera\2026-02-28\2026-02-28 13-43-15.mp4,True,0.929,50,97
C:\Users\jaysh\TapoVideos\Computer Camera\2026-02-28\2026-02-28 13-47-30.mp4,False,0.0,0,36
C:\Users\jaysh\TapoVideos\Computer Camera\2026-02-28\2026-02-28 13-47-48.mp4,False,0.0,0,40
C:\Users\jaysh\TapoVideos\Computer Camera\2026-02-28\2026-02-28 13-48-04.mp4,False,0.0,0,32
C:\Users\jaysh\TapoVideos\Computer Camera\2026-02-28\2026-02-28 13-44-36.mp4,True,0.915,103,115
C:\Users\jaysh\TapoVideos\Computer Camera\2026-02-28\2026-02-28 13-48-50.mp4,False,0.0,0,48
C:\Users\jaysh\TapoVideos\Computer Camera\2026-02-28\2026-02-28 13-48-26.mp4,False,0.0,0,52
C:\Users\jaysh\TapoVideos\Computer Camera\2026-02-28\2026-02-28 13-50-33.mp4,False,0.0,0,32
C:\Users\jaysh\TapoVideos\Computer Camera\2026-02-28\2026-02-28 13-50-51.mp4,False,0.0,0,44
C:\Users\jaysh\TapoVideos\Computer Camera\2026-02-28\2026-02-28 13-52-28.mp4,True,0.778,24,36
C:\Users\jaysh\TapoVideos\Computer Camera\2026-02-28\2026-02-28 13-51-56.mp4,True,0.732,26,48
C:\Users\jaysh\TapoVideos\Computer Camera\2026-02-28\2026-02-28 13-54-37.mp4,True,0.675,5,32
C:\Users\jaysh\TapoVideos\Computer Camera\2026-02-28\2026-02-28 13-45-41.mp4,True,0.905,37,108
C:\Users\jaysh\TapoVideos\Computer Camera\2026-02-28\2026-02-28 13-53-51.mp4,True,0.74,17,34
C:\Users\jaysh\TapoVideos\Computer Camera\2026-02-28\2026-02-28 13-53-07.mp4,True,0.667,27,36
C:\Users\jaysh\TapoVideos\Computer Camera\2026-02-28\2026-02-28 13-46-43.mp4,True,0.882,35,96
C:\Users\jaysh\TapoVideos\Computer Camera\2026-02-28\2026-02-28 13-55-38.mp4,False,0.0,0,40
C:\Users\jaysh\TapoVideos\Computer Camera\2026-02-28\2026-02-28 13-54-07.mp4,True,0.575,4,68
C:\Users\jaysh\TapoVideos\Computer Camera\2026-02-28\2026-02-28 13-56-01.mp4,True,0.358,1,42
C:\Users\jaysh\TapoVideos\Computer Camera\2026-02-28\2026-02-28 13-54-53.mp4,True,0.772,3,68
C:\Users\jaysh\TapoVideos\Computer Camera\2026-02-28\2026-02-28 13-51-10.mp4,False,0.0,0,102
C:\Users\jaysh\TapoVideos\Computer Camera\2026-02-28\2026-02-28 13-58-48.mp4,True,0.575,6,32
C:\Users\jaysh\TapoVideos\Computer Camera\2026-02-28\2026-02-28 13-59-15.mp4,True,0.501,7,32
C:\Users\jaysh\TapoVideos\Computer Camera\2026-02-28\2026-02-28 13-49-21.mp4,False,0.0,0,148
C:\Users\jaysh\TapoVideos\Computer Camera\2026-02-28\2026-02-28 13-56-28.mp4,False,0.0,0,64
C:\Users\jaysh\TapoVideos\Computer Camera\2026-02-28\2026-02-28 13-59-58.mp4,False,0.0,0,48
C:\Users\jaysh\TapoVideos\Computer Camera\2026-02-28\2026-02-28 14-04-30.mp4,False,0.0,0,32
C:\Users\jaysh\TapoVideos\Computer Camera\2026-02-28\2026-02-28 14-06-53.mp4,False,0.0,0,32
C:\Users\jaysh\TapoVideos\Computer Camera\2026-02-28\2026-02-28 14-05-40.mp4,False,0.0,0,40
C:\Users\jaysh\TapoVideos\Computer Camera\2026-02-28\2026-02-28 14-00-29.mp4,True,0.371,3,32
C:\Users\jaysh\TapoVideos\Computer Camera\2026-02-28\2026-02-28 14-07-53.mp4,False,0.0,0,36
C:\Users\jaysh\TapoVideos\Computer Camera\2026-02-28\2026-02-28 14-05-09.mp4,False,0.0,0,72
C:\Users\jaysh\TapoVideos\Computer Camera\2026-02-28\2026-02-28 14-13-39.mp4,False,0.0,0,36
C:\Users\jaysh\TapoVideos\Computer Camera\2026-02-28\2026-02-28 14-03-33.mp4,False,0.0,0,88
C:\Users\jaysh\TapoVideos\Computer Camera\2026-02-28\2026-02-28 14-16-09.mp4,False,0.0,0,44
C:\Users\jaysh\TapoVideos\Computer Camera\2026-02-28\2026-02-28 14-11-30.mp4,False,0.0,0,64
C:\Users\jaysh\TapoVideos\Computer Camera\2026-02-28\2026-02-28 14-15-07.mp4,False,0.0,0,64
C:\Users\jaysh\TapoVideos\Computer Camera\2026-02-28\2026-02-28 14-14-35.mp4,True,0.89,36,68
C:\Users\jaysh\TapoVideos\Computer Camera\2026-02-28\2026-02-28 14-16-55.mp4,False,0.0,0,48
C:\Users\jaysh\TapoVideos\Computer Camera\2026-02-28\2026-02-28 14-17-21.mp4,True,0.895,28,36
C:\Users\jaysh\TapoVideos\Computer Camera\2026-02-28\2026-02-28 14-13-57.mp4,True,0.83,19,84
C:\Users\jaysh\TapoVideos\Computer Camera\2026-02-28\2026-02-28 14-12-07.mp4,True,0.839,29,88
C:\Users\jaysh\TapoVideos\Computer Camera\2026-02-28\2026-02-28 14-18-56.mp4,True,0.804,25,32
C:\Users\jaysh\TapoVideos\Computer Camera\2026-02-28\2026-02-28 14-17-46.mp4,True,0.66,23,45
C:\Users\jaysh\TapoVideos\Computer Camera\2026-02-28\2026-02-28 14-12-53.mp4,True,0.906,32,103
C:\Users\jaysh\TapoVideos\Computer Camera\2026-02-28\2026-02-28 14-22-59.mp4,False,0.0,0,33
C:\Users\jaysh\TapoVideos\Computer Camera\2026-02-28\2026-02-28 14-19-07.mp4,True,0.843,15,48
C:\Users\jaysh\TapoVideos\Computer Camera\2026-02-28\2026-02-28 14-20-41.mp4,False,0.0,0,52
C:\Users\jaysh\TapoVideos\Computer Camera\2026-02-28\2026-02-28 14-24-15.mp4,False,0.0,0,36
C:\Users\jaysh\TapoVideos\Computer Camera\2026-02-28\2026-02-28 14-23-54.mp4,False,0.0,0,44
C:\Users\jaysh\TapoVideos\Computer Camera\2026-02-28\2026-02-28 14-23-11.mp4,False,0.0,0,56
C:\Users\jaysh\TapoVideos\Computer Camera\2026-02-28\2026-02-28 14-25-45.mp4,True,0.673,3,32
C:\Users\jaysh\TapoVideos\Computer Camera\2026-02-28\2026-02-28 14-23-36.mp4,False,0.0,0,44
C:\Users\jaysh\TapoVideos\Computer Camera\2026-02-28\2026-02-28 14-24-36.mp4,True,0.77,17,40
C:\Users\jaysh\TapoVideos\Computer Camera\2026-02-28\2026-02-28 14-38-01.mp4,False,0.0,0,40
C:\Users\jaysh\TapoVideos\Computer Camera\2026-02-28\2026-02-28 14-21-04.mp4,False,0.0,0,88
C:\Users\jaysh\TapoVideos\Computer Camera\2026-02-28\2026-02-28 14-38-33.mp4,False,0.0,0,36
C:\Users\jaysh\TapoVideos\Computer Camera\2026-02-28\2026-02-28 14-49-04.mp4,False,0.0,0,32
C:\Users\jaysh\TapoVideos\Computer Camera\2026-02-28\2026-02-28 14-01-41.mp4,True,0.495,8,224
C:\Users\jaysh\TapoVideos\Computer Camera\2026-02-28\2026-02-28 14-46-09.mp4,False,0.0,0,36
C:\Users\jaysh\TapoVideos\Computer Camera\2026-02-28\2026-02-28 14-21-44.mp4,False,0.0,0,96
C:\Users\jaysh\TapoVideos\Computer Camera\2026-02-28\2026-02-28 14-25-05.mp4,True,0.931,61,87
C:\Users\jaysh\TapoVideos\Computer Camera\2026-02-28\2026-02-28 14-50-45.mp4,False,0.0,0,36
C:\Users\jaysh\TapoVideos\Computer Camera\2026-02-28\2026-02-28 14-50-17.mp4,False,0.0,0,48
C:\Users\jaysh\TapoVideos\Computer Camera\2026-02-28\2026-02-28 14-47-24.mp4,False,0.0,0,52
C:\Users\jaysh\TapoVideos\Computer Camera\2026-02-28\2026-02-28 14-48-24.mp4,False,0.0,0,44
C:\Users\jaysh\TapoVideos\Computer Camera\2026-02-28\2026-02-28 14-54-59.mp4,True,0.865,13,36
C:\Users\jaysh\TapoVideos\Computer Camera\2026-02-28\2026-02-28 14-52-11.mp4,False,0.0,0,40
C:\Users\jaysh\TapoVideos\Computer Camera\2026-02-28\2026-02-28 14-53-10.mp4,False,0.0,0,44
C:\Users\jaysh\TapoVideos\Computer Camera\2026-02-28\2026-02-28 14-53-33.mp4,False,0.0,0,44
C:\Users\jaysh\TapoVideos\Computer Camera\2026-02-28\2026-02-28 14-55-15.mp4,False,0.0,0,36
C:\Users\jaysh\TapoVideos\Computer Camera\2026-02-28\2026-02-28 14-53-52.mp4,True,0.877,33,40
C:\Users\jaysh\TapoVideos\Computer Camera\2026-02-28\2026-02-28 14-55-43.mp4,True,0.876,29,40
C:\Users\jaysh\TapoVideos\Computer Camera\2026-02-28\2026-02-28 15-06-50.mp4,True,0.688,18,32
C:\Users\jaysh\TapoVideos\Computer Camera\2026-02-28\2026-02-28 14-56-33.mp4,False,0.0,0,36
C:\Users\jaysh\TapoVideos\Computer Camera\2026-02-28\2026-02-28 15-05-44.mp4,True,0.863,6,52
C:\Users\jaysh\TapoVideos\Computer Camera\2026-02-28\2026-02-28 14-56-02.mp4,True,0.876,28,56
C:\Users\jaysh\TapoVideos\Computer Camera\2026-02-28\2026-02-28 15-08-34.mp4,False,0.0,0,32
C:\Users\jaysh\TapoVideos\Computer Camera\2026-02-28\2026-02-28 15-08-21.mp4,True,0.417,1,32
C:\Users\jaysh\TapoVideos\Computer Camera\2026-02-28\2026-02-28 15-08-56.mp4,True,0.421,2,36
C:\Users\jaysh\TapoVideos\Computer Camera\2026-02-28\2026-02-28 15-07-41.mp4,True,0.581,15,36
C:\Users\jaysh\TapoVideos\Computer Camera\2026-02-28\2026-02-28 15-07-25.mp4,True,0.724,21,40
C:\Users\jaysh\TapoVideos\Computer Camera\2026-02-28\2026-02-28 15-09-55.mp4,True,0.889,33,34
C:\Users\jaysh\TapoVideos\Computer Camera\2026-02-28\2026-02-28 15-09-12.mp4,True,0.859,45,54
C:\Users\jaysh\TapoVideos\Computer Camera\2026-02-28\2026-02-28 15-09-35.mp4,True,0.85,40,48
C:\Users\jaysh\TapoVideos\Computer Camera\2026-02-28\2026-02-28 15-11-05.mp4,True,0.762,11,32
C:\Users\jaysh\TapoVideos\Computer Camera\2026-02-28\2026-02-28 15-10-38.mp4,True,0.9,24,36
C:\Users\jaysh\TapoVideos\Computer Camera\2026-02-28\2026-02-28 15-13-24.mp4,False,0.0,0,36
C:\Users\jaysh\TapoVideos\Computer Camera\2026-02-28\2026-02-28 15-10-08.mp4,True,0.889,23,68
C:\Users\jaysh\TapoVideos\Computer Camera\2026-02-28\2026-02-28 15-11-41.mp4,False,0.0,0,44
C:\Users\jaysh\TapoVideos\Computer Camera\2026-02-28\2026-02-28 15-13-07.mp4,True,0.877,6,44
C:\Users\jaysh\TapoVideos\Computer Camera\2026-02-28\2026-02-28 15-14-01.mp4,True,0.854,17,52
C:\Users\jaysh\TapoVideos\Computer Camera\2026-02-28\2026-02-28 15-14-50.mp4,True,0.898,3,32
C:\Users\jaysh\TapoVideos\Computer Camera\2026-02-28\2026-02-28 15-11-17.mp4,True,0.795,17,56
C:\Users\jaysh\TapoVideos\Computer Camera\2026-02-28\2026-02-28 15-14-25.mp4,True,0.859,16,48
C:\Users\jaysh\TapoVideos\Computer Camera\2026-02-28\2026-02-28 15-24-32.mp4,True,0.859,6,32
C:\Users\jaysh\TapoVideos\Computer Camera\2026-02-28\2026-02-28 15-47-22.mp4,True,0.673,1,36
C:\Users\jaysh\TapoVideos\Computer Camera\2026-02-28\2026-02-28 15-48-35.mp4,True,0.824,3,32
C:\Users\jaysh\TapoVideos\Computer Camera\2026-02-28\2026-02-28 15-47-48.mp4,True,0.569,2,36
C:\Users\jaysh\TapoVideos\Computer Camera\2026-02-28\2026-02-28 15-48-09.mp4,True,0.723,5,40
C:\Users\jaysh\TapoVideos\Computer Camera\2026-02-28\2026-02-28 15-19-35.mp4,True,0.873,18,76
C:\Users\jaysh\TapoVideos\Computer Camera\2026-02-28\2026-02-28 15-23-48.mp4,True,0.831,22,68
C:\Users\jaysh\TapoVideos\Computer Camera\2026-02-28\2026-02-28 15-43-02.mp4,True,0.891,28,60
C:\Users\jaysh\TapoVideos\Computer Camera\2026-02-28\2026-02-28 15-43-35.mp4,True,0.912,39,52
C:\Users\jaysh\TapoVideos\Computer Camera\2026-02-28\2026-02-28 15-54-44.mp4,True,0.472,3,32
C:\Users\jaysh\TapoVideos\Computer Camera\2026-02-28\2026-02-28 15-49-03.mp4,True,0.752,12,72
C:\Users\jaysh\TapoVideos\Computer Camera\2026-02-28\2026-02-28 15-53-50.mp4,True,0.887,19,44
C:\Users\jaysh\TapoVideos\Computer Camera\2026-02-28\2026-02-28 15-43-58.mp4,True,0.808,29,116
C:\Users\jaysh\TapoVideos\Computer Camera\2026-02-28\2026-02-28 15-53-29.mp4,True,0.807,9,48
C:\Users\jaysh\TapoVideos\Computer Camera\2026-02-28\2026-02-28 15-54-12.mp4,True,0.813,8,44
C:\Users\jaysh\TapoVideos\Computer Camera\2026-02-28\2026-02-28 16-12-20.mp4,False,0.0,0,32
C:\Users\jaysh\TapoVideos\Computer Camera\2026-02-28\2026-02-28 16-33-23.mp4,False,0.0,0,40
C:\Users\jaysh\TapoVideos\Computer Camera\2026-02-28\2026-02-28 15-52-38.mp4,True,0.891,32,92
C:\Users\jaysh\TapoVideos\Computer Camera\2026-02-28\2026-02-28 16-04-50.mp4,False,0.0,0,60
C:\Users\jaysh\TapoVideos\Computer Camera\2026-02-28\2026-02-28 16-32-22.mp4,False,0.0,0,56
C:\Users\jaysh\TapoVideos\Computer Camera\2026-02-28\2026-02-28 16-03-49.mp4,False,0.0,0,116
C:\Users\jaysh\TapoVideos\Computer Camera\2026-02-28\2026-02-28 16-39-31.mp4,False,0.0,0,40
C:\Users\jaysh\TapoVideos\Computer Camera\2026-02-28\2026-02-28 15-55-31.mp4,False,0.0,0,132
C:\Users\jaysh\TapoVideos\Computer Camera\2026-02-28\2026-02-28 16-39-55.mp4,False,0.0,0,40
C:\Users\jaysh\TapoVideos\Computer Camera\2026-02-28\2026-02-28 16-45-17.mp4,False,0.0,0,52
C:\Users\jaysh\TapoVideos\Computer Camera\2026-02-28\2026-02-28 16-05-16.mp4,False,0.0,0,104
C:\Users\jaysh\TapoVideos\Computer Camera\2026-02-28\2026-02-28 16-46-16.mp4,False,0.0,0,48
C:\Users\jaysh\TapoVideos\Computer Camera\2026-02-28\2026-02-28 16-46-59.mp4,False,0.0,0,32
C:\Users\jaysh\TapoVideos\Computer Camera\2026-02-28\2026-02-28 16-51-39.mp4,False,0.0,0,36
C:\Users\jaysh\TapoVideos\Computer Camera\2026-02-28\2026-02-28 16-52-09.mp4,False,0.0,0,36
C:\Users\jaysh\TapoVideos\Computer Camera\2026-02-28\2026-02-28 16-52-29.mp4,False,0.0,0,52
C:\Users\jaysh\TapoVideos\Computer Camera\2026-02-28\2026-02-28 16-54-02.mp4,False,0.0,0,32
C:\Users\jaysh\TapoVideos\Computer Camera\2026-02-28\2026-02-28 16-56-16.mp4,False,0.0,0,32
C:\Users\jaysh\TapoVideos\Computer Camera\2026-02-28\2026-02-28 16-55-46.mp4,False,0.0,0,32
C:\Users\jaysh\TapoVideos\Computer Camera\2026-02-28\2026-02-28 16-59-00.mp4,False,0.0,0,36
C:\Users\jaysh\TapoVideos\Computer Camera\2026-02-28\2026-02-28 16-56-37.mp4,False,0.0,0,36
C:\Users\jaysh\TapoVideos\Computer Camera\2026-02-28\2026-02-28 16-55-10.mp4,False,0.0,0,40
C:\Users\jaysh\TapoVideos\Computer Camera\2026-02-28\2026-02-28 16-40-10.mp4,True,0.851,50,132
C:\Users\jaysh\TapoVideos\Computer Camera\2026-02-28\2026-02-28 17-05-52.mp4,False,0.0,0,32
C:\Users\jaysh\TapoVideos\Computer Camera\2026-02-28\2026-02-28 17-15-51.mp4,False,0.0,0,32
C:\Users\jaysh\TapoVideos\Computer Camera\2026-02-28\2026-02-28 17-13-42.mp4,False,0.0,0,32
C:\Users\jaysh\TapoVideos\Computer Camera\2026-02-28\2026-02-28 17-06-56.mp4,False,0.0,0,40
C:\Users\jaysh\TapoVideos\Computer Camera\2026-02-28\2026-02-28 17-27-02.mp4,False,0.0,0,32
C:\Users\jaysh\TapoVideos\Computer Camera\2026-02-28\2026-02-28 17-21-45.mp4,False,0.0,0,36
C:\Users\jaysh\TapoVideos\Computer Camera\2026-02-28\2026-02-28 17-28-14.mp4,False,0.0,0,40
C:\Users\jaysh\TapoVideos\Computer Camera\2026-02-28\2026-02-28 18-10-15.mp4,False,0.0,0,32
C:\Users\jaysh\TapoVideos\Computer Camera\2026-02-28\2026-02-28 18-02-20.mp4,False,0.0,0,32
C:\Users\jaysh\TapoVideos\Computer Camera\2026-02-28\2026-02-28 18-13-03.mp4,False,0.0,0,32
C:\Users\jaysh\TapoVideos\Computer Camera\2026-02-28\2026-02-28 18-15-07.mp4,False,0.0,0,32
C:\Users\jaysh\TapoVideos\Computer Camera\2026-02-28\2026-02-28 18-17-52.mp4,False,0.0,0,32
C:\Users\jaysh\TapoVideos\Computer Camera\2026-02-28\2026-02-28 18-12-41.mp4,False,0.0,0,40
C:\Users\jaysh\TapoVideos\Computer Camera\2026-02-28\2026-02-28 18-20-11.mp4,False,0.0,0,32
C:\Users\jaysh\TapoVideos\Computer Camera\2026-02-28\2026-02-28 18-23-19.mp4,False,0.0,0,36
C:\Users\jaysh\TapoVideos\Computer Camera\2026-02-28\2026-02-28 16-06-07.mp4,False,0.0,0,168
C:\Users\jaysh\TapoVideos\Computer Camera\2026-02-28\2026-02-28 18-28-25.mp4,False,0.0,0,32
C:\Users\jaysh\TapoVideos\Computer Camera\2026-02-28\2026-02-28 18-23-56.mp4,False,0.0,0,52
C:\Users\jaysh\TapoVideos\Computer Camera\2026-02-28\2026-02-28 18-28-54.mp4,False,0.0,0,32
C:\Users\jaysh\TapoVideos\Computer Camera\2026-02-28\2026-02-28 18-29-47.mp4,False,0.0,0,32
C:\Users\jaysh\TapoVideos\Computer Camera\2026-02-28\2026-02-28 18-30-48.mp4,False,0.0,0,36
C:\Users\jaysh\TapoVideos\Computer Camera\2026-02-28\2026-02-28 18-26-47.mp4,False,0.0,0,48
C:\Users\jaysh\TapoVideos\Computer Camera\2026-02-28\2026-02-28 18-31-10.mp4,False,0.0,0,36
C:\Users\jaysh\TapoVideos\Computer Camera\2026-02-28\2026-02-28 18-33-18.mp4,False,0.0,0,40
C:\Users\jaysh\TapoVideos\Computer Camera\2026-02-28\2026-02-28 18-37-26.mp4,False,0.0,0,32
C:\Users\jaysh\TapoVideos\Computer Camera\2026-02-28\2026-02-28 18-34-50.mp4,False,0.0,0,40
C:\Users\jaysh\TapoVideos\Computer Camera\2026-02-28\2026-02-28 18-36-11.mp4,False,0.0,0,32
C:\Users\jaysh\TapoVideos\Computer Camera\2026-02-28\2026-02-28 16-00-47.mp4,False,0.0,0,379
C:\Users\jaysh\TapoVideos\Computer Camera\2026-02-28\2026-02-28 18-25-59.mp4,False,0.0,0,88
C:\Users\jaysh\TapoVideos\Computer Camera\2026-02-28\2026-02-28 18-41-38.mp4,False,0.0,0,36
C:\Users\jaysh\TapoVideos\Computer Camera\2026-02-28\2026-02-28 18-38-55.mp4,False,0.0,0,44
C:\Users\jaysh\TapoVideos\Computer Camera\2026-02-28\2026-02-28 18-38-02.mp4,False,0.0,0,64
C:\Users\jaysh\TapoVideos\Computer Camera\2026-02-28\2026-02-28 18-42-38.mp4,False,0.0,0,48
C:\Users\jaysh\TapoVideos\Computer Camera\2026-02-28\2026-02-28 15-49-58.mp4,True,0.752,7,316
C:\Users\jaysh\TapoVideos\Computer Camera\2026-02-28\2026-02-28 18-39-23.mp4,False,0.0,0,52
C:\Users\jaysh\TapoVideos\Computer Camera\2026-02-28\2026-02-28 18-44-37.mp4,True,0.874,31,44
C:\Users\jaysh\TapoVideos\Computer Camera\2026-02-28\2026-02-28 18-45-43.mp4,True,0.899,27,32
C:\Users\jaysh\TapoVideos\Computer Camera\2026-02-28\2026-02-28 18-42-58.mp4,False,0.0,0,60
C:\Users\jaysh\TapoVideos\Computer Camera\2026-02-28\2026-02-28 18-45-00.mp4,True,0.769,44,48
C:\Users\jaysh\TapoVideos\Computer Camera\2026-02-28\2026-02-28 18-46-04.mp4,True,0.875,38,46
C:\Users\jaysh\TapoVideos\Computer Camera\2026-02-28\2026-02-28 18-47-37.mp4,True,0.819,28,32
C:\Users\jaysh\TapoVideos\Computer Camera\2026-02-28\2026-02-28 18-46-36.mp4,True,0.86,42,44
C:\Users\jaysh\TapoVideos\Computer Camera\2026-02-28\2026-02-28 18-48-16.mp4,True,0.886,40,72
C:\Users\jaysh\TapoVideos\Computer Camera\2026-02-28\2026-02-28 18-55-17.mp4,True,0.82,5,32
C:\Users\jaysh\TapoVideos\Computer Camera\2026-02-28\2026-02-28 18-49-34.mp4,False,0.0,0,76
C:\Users\jaysh\TapoVideos\Computer Camera\2026-02-28\2026-02-28 18-42-05.mp4,False,0.0,0,68
C:\Users\jaysh\TapoVideos\Computer Camera\2026-02-28\2026-02-28 18-53-07.mp4,False,0.0,0,64
C:\Users\jaysh\TapoVideos\Computer Camera\2026-02-28\2026-02-28 18-56-37.mp4,False,0.0,0,36
C:\Users\jaysh\TapoVideos\Computer Camera\2026-02-28\2026-02-28 20-04-18.mp4,False,0.0,0,44
C:\Users\jaysh\TapoVideos\Computer Camera\2026-02-28\2026-02-28 20-08-23.mp4,False,0.0,0,36
C:\Users\jaysh\TapoVideos\Computer Camera\2026-02-28\2026-02-28 20-07-58.mp4,False,0.0,0,36
C:\Users\jaysh\TapoVideos\Computer Camera\2026-02-28\2026-02-28 20-08-48.mp4,False,0.0,0,40
C:\Users\jaysh\TapoVideos\Computer Camera\2026-02-28\2026-02-28 20-06-39.mp4,False,0.0,0,44
C:\Users\jaysh\TapoVideos\Computer Camera\2026-02-28\2026-02-28 18-50-15.mp4,False,0.0,0,88
C:\Users\jaysh\TapoVideos\Computer Camera\2026-02-28\2026-02-28 21-06-35.mp4,False,0.0,0,32
C:\Users\jaysh\TapoVideos\Computer Camera\2026-02-28\2026-02-28 21-08-47.mp4,False,0.0,0,36
C:\Users\jaysh\TapoVideos\Computer Camera\2026-02-28\2026-02-28 21-00-10.mp4,False,0.0,0,56
C:\Users\jaysh\TapoVideos\Computer Camera\2026-02-28\2026-02-28 21-07-52.mp4,False,0.0,0,32
C:\Users\jaysh\TapoVideos\Computer Camera\2026-02-28\2026-02-28 21-09-02.mp4,False,0.0,0,32
C:\Users\jaysh\TapoVideos\Computer Camera\2026-02-28\2026-02-28 20-07-09.mp4,False,0.0,0,40
C:\Users\jaysh\TapoVideos\Computer Camera\2026-02-28\2026-02-28 18-55-29.mp4,True,0.86,23,140
C:\Users\jaysh\TapoVideos\Computer Camera\2026-02-28\2026-02-28 21-10-01.mp4,False,0.0,0,32
C:\Users\jaysh\TapoVideos\Computer Camera\2026-02-28\2026-02-28 21-14-36.mp4,False,0.0,0,32
C:\Users\jaysh\TapoVideos\Computer Camera\2026-02-28\2026-02-28 21-14-17.mp4,False,0.0,0,44
C:\Users\jaysh\TapoVideos\Computer Camera\2026-02-28\2026-02-28 21-15-31.mp4,False,0.0,0,44
C:\Users\jaysh\TapoVideos\Computer Camera\2026-02-28\2026-02-28 21-17-07.mp4,False,0.0,0,36
C:\Users\jaysh\TapoVideos\Computer Camera\2026-02-28\2026-02-28 21-19-20.mp4,False,0.0,0,36
C:\Users\jaysh\TapoVideos\Computer Camera\2026-02-28\2026-02-28 21-09-29.mp4,False,0.0,0,60
C:\Users\jaysh\TapoVideos\Computer Camera\2026-02-28\2026-02-28 21-24-21.mp4,False,0.0,0,32
C:\Users\jaysh\TapoVideos\Computer Camera\2026-02-28\2026-02-28 21-24-37.mp4,False,0.0,0,32
C:\Users\jaysh\TapoVideos\Computer Camera\2026-02-28\2026-02-28 21-21-05.mp4,False,0.0,0,32
C:\Users\jaysh\TapoVideos\Computer Camera\2026-02-28\2026-02-28 21-21-29.mp4,False,0.0,0,56
C:\Users\jaysh\TapoVideos\Computer Camera\2026-02-28\2026-02-28 18-43-46.mp4,True,0.892,55,104
C:\Users\jaysh\TapoVideos\Computer Camera\2026-02-28\2026-02-28 21-27-38.mp4,False,0.0,0,32
C:\Users\jaysh\TapoVideos\Computer Camera\2026-02-28\2026-02-28 21-16-07.mp4,False,0.0,0,36
C:\Users\jaysh\TapoVideos\Computer Camera\2026-02-28\2026-02-28 18-35-30.mp4,False,0.0,0,84
C:\Users\jaysh\TapoVideos\Computer Camera\2026-02-28\2026-02-28 21-32-52.mp4,False,0.0,0,36
C:\Users\jaysh\TapoVideos\Computer Camera\2026-02-28\2026-02-28 21-33-08.mp4,False,0.0,0,32
C:\Users\jaysh\TapoVideos\Computer Camera\2026-02-28\2026-02-28 21-33-20.mp4,False,0.0,0,40
C:\Users\jaysh\TapoVideos\Computer Camera\2026-02-28\2026-02-28 21-28-45.mp4,False,0.0,0,48
C:\Users\jaysh\TapoVideos\Computer Camera\2026-02-28\2026-02-28 21-15-01.mp4,False,0.0,0,68
C:\Users\jaysh\TapoVideos\Computer Camera\2026-02-28\2026-02-28 21-39-41.mp4,False,0.0,0,32
C:\Users\jaysh\TapoVideos\Computer Camera\2026-02-28\2026-02-28 21-40-00.mp4,False,0.0,0,32
C:\Users\jaysh\TapoVideos\Computer Camera\2026-02-28\2026-02-28 21-39-25.mp4,False,0.0,0,36
C:\Users\jaysh\TapoVideos\Computer Camera\2026-02-28\2026-02-28 21-43-13.mp4,True,0.651,2,36
C:\Users\jaysh\TapoVideos\Computer Camera\2026-02-28\2026-02-28 21-44-26.mp4,False,0.0,0,44
C:\Users\jaysh\TapoVideos\Computer Camera\2026-02-28\2026-02-28 21-46-12.mp4,False,0.0,0,36
C:\Users\jaysh\TapoVideos\Computer Camera\2026-02-28\2026-02-28 21-41-28.mp4,True,0.917,36,48
C:\Users\jaysh\TapoVideos\Computer Camera\2026-02-28\2026-02-28 21-40-55.mp4,False,0.0,0,60
C:\Users\jaysh\TapoVideos\Computer Camera\2026-02-28\2026-02-28 21-46-38.mp4,False,0.0,0,36
C:\Users\jaysh\TapoVideos\Computer Camera\2026-02-28\2026-02-28 21-54-22.mp4,False,0.0,0,32
C:\Users\jaysh\TapoVideos\Computer Camera\2026-02-28\2026-02-28 22-04-57.mp4,False,0.0,0,32
C:\Users\jaysh\TapoVideos\Computer Camera\2026-02-28\2026-02-28 21-40-19.mp4,False,0.0,0,76
C:\Users\jaysh\TapoVideos\Computer Camera\2026-02-28\2026-02-28 22-07-23.mp4,False,0.0,0,36
C:\Users\jaysh\TapoVideos\Computer Camera\2026-02-28\2026-02-28 22-06-22.mp4,False,0.0,0,52
C:\Users\jaysh\TapoVideos\Computer Camera\2026-02-28\2026-02-28 22-06-46.mp4,False,0.0,0,52
C:\Users\jaysh\TapoVideos\Computer Camera\2026-02-28\2026-02-28 22-05-44.mp4,False,0.0,0,80
C:\Users\jaysh\TapoVideos\Computer Camera\2026-02-28\2026-02-28 21-41-53.mp4,True,0.886,67,120
C:\Users\jaysh\TapoVideos\Computer Camera\2026-02-28\2026-02-28 21-45-58.mp4,False,0.0,0,36
C:\Users\jaysh\TapoVideos\Computer Camera\2026-02-28\2026-02-28 22-09-53.mp4,False,0.0,0,40
C:\Users\jaysh\TapoVideos\Computer Camera\2026-02-28\2026-02-28 22-10-18.mp4,False,0.0,0,44
C:\Users\jaysh\TapoVideos\Computer Camera\2026-02-28\2026-02-28 22-09-28.mp4,False,0.0,0,56
C:\Users\jaysh\TapoVideos\Computer Camera\2026-02-28\2026-02-28 22-09-02.mp4,False,0.0,0,56
C:\Users\jaysh\TapoVideos\Computer Camera\2026-02-28\2026-02-28 22-23-16.mp4,False,0.0,0,40
C:\Users\jaysh\TapoVideos\Computer Camera\2026-02-28\2026-02-28 22-14-09.mp4,False,0.0,0,60
C:\Users\jaysh\TapoVideos\Computer Camera\2026-02-28\2026-02-28 22-27-20.mp4,False,0.0,0,40
C:\Users\jaysh\TapoVideos\Computer Camera\2026-02-28\2026-02-28 22-28-33.mp4,False,0.0,0,56
C:\Users\jaysh\TapoVideos\Computer Camera\2026-02-28\2026-02-28 22-28-04.mp4,False,0.0,0,60
C:\Users\jaysh\TapoVideos\Computer Camera\2026-02-28\2026-02-28 22-16-07.mp4,False,0.0,0,60
C:\Users\jaysh\TapoVideos\Computer Camera\2026-02-28\2026-02-28 22-27-40.mp4,False,0.0,0,48
C:\Users\jaysh\TapoVideos\Computer Camera\2026-02-28\2026-02-28 22-28-59.mp4,False,0.0,0,60
C:\Users\jaysh\TapoVideos\Computer Camera\2026-02-28\2026-02-28 22-29-28.mp4,False,0.0,0,56
C:\Users\jaysh\TapoVideos\Computer Camera\2026-02-28\2026-02-28 21-38-14.mp4,False,0.0,0,76
C:\Users\jaysh\TapoVideos\Computer Camera\2026-02-28\2026-02-28 22-29-57.mp4,False,0.0,0,52
C:\Users\jaysh\TapoVideos\Computer Camera\2026-02-28\2026-02-28 22-35-03.mp4,True,0.861,18,48
C:\Users\jaysh\TapoVideos\Computer Camera\2026-02-28\2026-02-28 22-30-25.mp4,False,0.0,0,52
C:\Users\jaysh\TapoVideos\Computer Camera\2026-02-28\2026-02-28 22-39-01.mp4,False,0.0,0,36
C:\Users\jaysh\TapoVideos\Computer Camera\2026-02-28\2026-02-28 22-36-29.mp4,False,0.0,0,52
C:\Users\jaysh\TapoVideos\Computer Camera\2026-02-28\2026-02-28 22-36-04.mp4,False,0.0,0,56
C:\Users\jaysh\TapoVideos\Computer Camera\2026-02-28\2026-02-28 22-36-52.mp4,False,0.0,0,56
C:\Users\jaysh\TapoVideos\Computer Camera\2026-02-28\2026-02-28 18-50-56.mp4,False,0.0,0,168
C:\Users\jaysh\TapoVideos\Computer Camera\2026-02-28\2026-02-28 22-40-26.mp4,False,0.0,0,44
C:\Users\jaysh\TapoVideos\Computer Camera\2026-02-28\2026-02-28 22-37-16.mp4,False,0.0,0,80
C:\Users\jaysh\TapoVideos\Computer Camera\2026-02-28\2026-02-28 22-39-50.mp4,False,0.0,0,56
C:\Users\jaysh\TapoVideos\Computer Camera\2026-02-28\2026-02-28 22-39-18.mp4,True,0.712,2,64
C:\Users\jaysh\TapoVideos\Computer Camera\2026-02-28\2026-02-28 22-44-53.mp4,True,0.707,12,32
C:\Users\jaysh\TapoVideos\Computer Camera\2026-02-28\2026-02-28 22-44-03.mp4,True,0.705,11,76
C:\Users\jaysh\TapoVideos\Computer Camera\2026-02-28\2026-02-28 22-48-00.mp4,True,0.734,4,36
C:\Users\jaysh\TapoVideos\Computer Camera\2026-02-28\2026-02-28 22-43-11.mp4,True,0.812,17,112
C:\Users\jaysh\TapoVideos\Computer Camera\2026-02-28\2026-02-28 22-44-39.mp4,True,0.681,10,32
C:\Users\jaysh\TapoVideos\Computer Camera\2026-02-28\2026-02-28 23-36-54.mp4,False,0.0,0,52
C:\Users\jaysh\TapoVideos\Computer Camera\2026-02-28\2026-02-28 22-45-05.mp4,True,0.841,30,52
C:\Users\jaysh\TapoVideos\Computer Camera\2026-02-28\2026-02-28 23-53-59.mp4,True,0.593,3,36
C:\Users\jaysh\TapoVideos\Computer Camera\2026-02-28\2026-02-28 23-39-10.mp4,True,0.806,5,40
C:\Users\jaysh\TapoVideos\Computer Camera\2026-02-28\2026-02-28 22-45-34.mp4,True,0.911,39,68
C:\Users\jaysh\TapoVideos\Computer Camera\2026-02-28\2026-02-28 22-40-46.mp4,False,0.0,0,108
C:\Users\jaysh\TapoVideos\Computer Camera\2026-03-01\2026-03-01 00-01-38.mp4,True,0.735,1,36
C:\Users\jaysh\TapoVideos\Computer Camera\2026-02-28\2026-02-28 23-41-07.mp4,True,0.881,40,72
C:\Users\jaysh\TapoVideos\Computer Camera\2026-02-28\2026-02-28 22-30-51.mp4,False,0.0,0,132
C:\Users\jaysh\TapoVideos\Computer Camera\2026-03-01\2026-03-01 00-02-14.mp4,True,0.866,6,44
C:\Users\jaysh\TapoVideos\Computer Camera\2026-02-28\2026-02-28 23-41-53.mp4,True,0.853,20,92
C:\Users\jaysh\TapoVideos\Computer Camera\2026-02-28\2026-02-28 23-53-03.mp4,True,0.901,13,44
C:\Users\jaysh\TapoVideos\Computer Camera\2026-02-28\2026-02-28 23-55-54.mp4,True,0.756,11,48
C:\Users\jaysh\TapoVideos\Computer Camera\2026-03-01\2026-03-01 00-02-43.mp4,True,0.904,9,40
C:\Users\jaysh\TapoVideos\Computer Camera\2026-03-01\2026-03-01 00-02-59.mp4,True,0.834,10,44
C:\Users\jaysh\TapoVideos\Computer Camera\2026-03-01\2026-03-01 00-03-39.mp4,True,0.469,3,40
C:\Users\jaysh\TapoVideos\Computer Camera\2026-02-28\2026-02-28 22-33-29.mp4,True,0.794,40,100
C:\Users\jaysh\TapoVideos\Computer Camera\2026-03-01\2026-03-01 00-22-38.mp4,False,0.0,0,36
C:\Users\jaysh\TapoVideos\Computer Camera\2026-03-01\2026-03-01 00-03-58.mp4,True,0.936,9,44
C:\Users\jaysh\TapoVideos\Computer Camera\2026-03-01\2026-03-01 00-25-27.mp4,True,0.829,2,36
C:\Users\jaysh\TapoVideos\Computer Camera\2026-03-01\2026-03-01 00-47-43.mp4,False,0.0,0,32
C:\Users\jaysh\TapoVideos\Computer Camera\2026-03-01\2026-03-01 01-17-38.mp4,False,0.0,0,36
C:\Users\jaysh\TapoVideos\Computer Camera\2026-02-28\2026-02-28 23-56-23.mp4,True,0.887,41,84
C:\Users\jaysh\TapoVideos\Computer Camera\2026-03-01\2026-03-01 01-17-03.mp4,False,0.0,0,40
C:\Users\jaysh\TapoVideos\Computer Camera\2026-03-01\2026-03-01 11-44-00.mp4,False,0.0,0,32
C:\Users\jaysh\TapoVideos\Computer Camera\2026-03-01\2026-03-01 11-48-48.mp4,True,0.725,3,32
C:\Users\jaysh\TapoVideos\Computer Camera\2026-03-01\2026-03-01 00-26-33.mp4,True,0.465,6,56
C:\Users\jaysh\TapoVideos\Computer Camera\2026-03-01\2026-03-01 11-40-36.mp4,False,0.0,0,48
C:\Users\jaysh\TapoVideos\Computer Camera\2026-03-01\2026-03-01 11-55-13.mp4,True,0.484,1,32
C:\Users\jaysh\TapoVideos\Computer Camera\2026-03-01\2026-03-01 09-23-59.mp4,True,0.9,35,68
C:\Users\jaysh\TapoVideos\Computer Camera\2026-03-01\2026-03-01 11-55-46.mp4,True,0.874,12,44
C:\Users\jaysh\TapoVideos\Computer Camera\2026-03-01\2026-03-01 11-51-06.mp4,False,0.0,0,48
C:\Users\jaysh\TapoVideos\Computer Camera\2026-03-01\2026-03-01 11-56-04.mp4,True,0.85,31,64
C:\Users\jaysh\TapoVideos\Computer Camera\2026-03-01\2026-03-01 00-28-02.mp4,True,0.9,49,112
C:\Users\jaysh\TapoVideos\Computer Camera\2026-03-01\2026-03-01 11-53-19.mp4,True,0.91,69,224
C:\Users\jaysh\TapoVideos\Computer Camera\2026-02-28\2026-02-28 21-10-18.mp4,False,0.0,0,380
